story_id,jira_summary,use_case,sprint,commitment,spec_ref,business_rules,business_rule_details
CTMS-01,[CTMS-01] Register with Email or Phone Number,Đăng ký tài khoản bằng email hoặc số điện thoại,Sprint 1,Committed,/file/spec/ctms-01-register-with-email-or-phone-number.md,"BR-202, BR-204, BR-205, BR-230, BR-231, BR-242, BR-243, BR-244, BR-200, BR-201, BR-214, BR-215, BR-220, BR-001, BR-002, BR-003, BR-004","BR-202: Tài khoản pending_verification, suspended hoặc deleted không được sử dụng chức năng yêu cầu tài khoản hoạt động, trừ flow xác minh hoặc khôi phục được cho phép.
BR-204: Người dùng chỉ được xem hoặc thay đổi dữ liệu thuộc sở hữu của mình, trừ khi vai trò và quan hệ nghiệp vụ cho phép truy cập dữ liệu của người khác.
BR-205: Mọi dữ liệu đầu vào phải được kiểm tra trường bắt buộc, kiểu dữ liệu, định dạng, độ dài, enum và quan hệ giữa các trường trước khi xử lý.
BR-230: Retry dịch vụ bên ngoài phải có giới hạn và backoff; retry không được tạo bản ghi hoặc giao dịch trùng.
BR-231: API phải trả mã lỗi nhất quán: 401 cho lỗi xác thực, 403 cho thiếu quyền, 404 khi không tìm thấy, 409 cho xung đột nghiệp vụ và 422 cho dữ liệu không hợp lệ.
BR-242: Khi backend từ chối do dữ liệu thay đổi đồng thời, UI phải giữ dữ liệu đã nhập, hiển thị lý do và cho phép tải lại hoặc thực hiện lại.
BR-243: Trường hợp thiếu quyền hoặc không thỏa điều kiện nghiệp vụ không được tạo bất kỳ side effect nào.
BR-244: Thay đổi Business Rule, enum, state transition hoặc API contract phải được cập nhật đồng thời trong Spec, test case và tài liệu dữ liệu trước khi Done.
BR-200: Mọi thay đổi được ghi audit log.
BR-201: Mọi chức năng yêu cầu xác thực chỉ được thực hiện khi người dùng có phiên đăng nhập hợp lệ và tài khoản đang ở trạng thái active.
BR-214: Mọi quan hệ dữ liệu phải tham chiếu tới bản ghi tồn tại và hợp lệ; không tạo bản ghi con cho tài nguyên không thuộc đúng phạm vi nghiệp vụ.
BR-215: Email phải được chuẩn hóa trước khi so sánh và lưu; số điện thoại phải được chuẩn hóa theo định dạng thống nhất, ưu tiên E.164.
BR-220: Khoảng thời gian hợp lệ phải có thời điểm bắt đầu nhỏ hơn thời điểm kết thúc, trừ trường hợp nghiệp vụ quy định rõ có thể bằng nhau.
BR-001: Tài khoản đăng ký không được trùng với email hoặc số điện thoại đã đăng ký.
BR-002: Email đăng ký phải được loại bỏ khoảng trắng ở đầu và cuối, chuyển về chữ thường, không chứa khoảng trắng bên trong, chỉ có một ký tự @, có phần tên trước @, có tên miền hợp lệ sau @ và không dài quá 254 ký tự.
BR-003: Số điện thoại đăng ký phải là số di động Việt Nam gồm 10 chữ số bắt đầu bằng 03, 05, 07, 08 hoặc 09, hoặc dạng quốc tế tương ứng bắt đầu bằng +84. Trước khi lưu, hệ thống phải chuẩn hóa số điện thoại về định dạng E.164 +84xxxxxxxxx.
BR-004: Mật khẩu đăng ký phải được băm trước khi lưu vào hệ thống."
CTMS-02,[CTMS-02] Verify Account via OTP or Email,Xác minh tài khoản bằng OTP hoặc email,Sprint 1,Committed,/file/spec/ctms-02-verify-account-via-otp-or-email.md,"BR-202, BR-204, BR-205, BR-230, BR-231, BR-242, BR-243, BR-244, BR-200, BR-201, BR-214, BR-215, BR-220, BR-236, BR-237, BR-005, BR-006, BR-007","BR-202: Tài khoản pending_verification, suspended hoặc deleted không được sử dụng chức năng yêu cầu tài khoản hoạt động, trừ flow xác minh hoặc khôi phục được cho phép.
BR-204: Người dùng chỉ được xem hoặc thay đổi dữ liệu thuộc sở hữu của mình, trừ khi vai trò và quan hệ nghiệp vụ cho phép truy cập dữ liệu của người khác.
BR-205: Mọi dữ liệu đầu vào phải được kiểm tra trường bắt buộc, kiểu dữ liệu, định dạng, độ dài, enum và quan hệ giữa các trường trước khi xử lý.
BR-230: Retry dịch vụ bên ngoài phải có giới hạn và backoff; retry không được tạo bản ghi hoặc giao dịch trùng.
BR-231: API phải trả mã lỗi nhất quán: 401 cho lỗi xác thực, 403 cho thiếu quyền, 404 khi không tìm thấy, 409 cho xung đột nghiệp vụ và 422 cho dữ liệu không hợp lệ.
BR-242: Khi backend từ chối do dữ liệu thay đổi đồng thời, UI phải giữ dữ liệu đã nhập, hiển thị lý do và cho phép tải lại hoặc thực hiện lại.
BR-243: Trường hợp thiếu quyền hoặc không thỏa điều kiện nghiệp vụ không được tạo bất kỳ side effect nào.
BR-244: Thay đổi Business Rule, enum, state transition hoặc API contract phải được cập nhật đồng thời trong Spec, test case và tài liệu dữ liệu trước khi Done.
BR-200: Mọi thay đổi được ghi audit log.
BR-201: Mọi chức năng yêu cầu xác thực chỉ được thực hiện khi người dùng có phiên đăng nhập hợp lệ và tài khoản đang ở trạng thái active.
BR-214: Mọi quan hệ dữ liệu phải tham chiếu tới bản ghi tồn tại và hợp lệ; không tạo bản ghi con cho tài nguyên không thuộc đúng phạm vi nghiệp vụ.
BR-215: Email phải được chuẩn hóa trước khi so sánh và lưu; số điện thoại phải được chuẩn hóa theo định dạng thống nhất, ưu tiên E.164.
BR-220: Khoảng thời gian hợp lệ phải có thời điểm bắt đầu nhỏ hơn thời điểm kết thúc, trừ trường hợp nghiệp vụ quy định rõ có thể bằng nhau.
BR-236: Người dùng chỉ được thêm, xóa hoặc sắp xếp media của tài nguyên mà họ sở hữu hoặc được phân quyền quản lý.
BR-237: Background job phải kiểm tra lại điều kiện nghiệp vụ tại thời điểm thực thi và không dựa hoàn toàn vào trạng thái cũ.
BR-005: Tài khoản chỉ được tạo khi toàn bộ dữ liệu đăng ký hợp lệ.
BR-006: OTP xác minh tài khoản phải có thời hạn sử dụng theo cấu hình hệ thống.
BR-007: Số lần gửi lại OTP phải được giới hạn theo cấu hình hệ thống."
CTMS-03,[CTMS-03] Log In,Đăng nhập,Sprint 1,Committed,/file/spec/ctms-03-log-in.md,"BR-202, BR-204, BR-205, BR-230, BR-231, BR-242, BR-243, BR-244, BR-200, BR-201, BR-214, BR-215, BR-220, BR-206, BR-207, BR-209, BR-225, BR-226, BR-008, BR-009, BR-010","BR-202: Tài khoản pending_verification, suspended hoặc deleted không được sử dụng chức năng yêu cầu tài khoản hoạt động, trừ flow xác minh hoặc khôi phục được cho phép.
BR-204: Người dùng chỉ được xem hoặc thay đổi dữ liệu thuộc sở hữu của mình, trừ khi vai trò và quan hệ nghiệp vụ cho phép truy cập dữ liệu của người khác.
BR-205: Mọi dữ liệu đầu vào phải được kiểm tra trường bắt buộc, kiểu dữ liệu, định dạng, độ dài, enum và quan hệ giữa các trường trước khi xử lý.
BR-230: Retry dịch vụ bên ngoài phải có giới hạn và backoff; retry không được tạo bản ghi hoặc giao dịch trùng.
BR-231: API phải trả mã lỗi nhất quán: 401 cho lỗi xác thực, 403 cho thiếu quyền, 404 khi không tìm thấy, 409 cho xung đột nghiệp vụ và 422 cho dữ liệu không hợp lệ.
BR-242: Khi backend từ chối do dữ liệu thay đổi đồng thời, UI phải giữ dữ liệu đã nhập, hiển thị lý do và cho phép tải lại hoặc thực hiện lại.
BR-243: Trường hợp thiếu quyền hoặc không thỏa điều kiện nghiệp vụ không được tạo bất kỳ side effect nào.
BR-244: Thay đổi Business Rule, enum, state transition hoặc API contract phải được cập nhật đồng thời trong Spec, test case và tài liệu dữ liệu trước khi Done.
BR-200: Mọi thay đổi được ghi audit log.
BR-201: Mọi chức năng yêu cầu xác thực chỉ được thực hiện khi người dùng có phiên đăng nhập hợp lệ và tài khoản đang ở trạng thái active.
BR-214: Mọi quan hệ dữ liệu phải tham chiếu tới bản ghi tồn tại và hợp lệ; không tạo bản ghi con cho tài nguyên không thuộc đúng phạm vi nghiệp vụ.
BR-215: Email phải được chuẩn hóa trước khi so sánh và lưu; số điện thoại phải được chuẩn hóa theo định dạng thống nhất, ưu tiên E.164.
BR-220: Khoảng thời gian hợp lệ phải có thời điểm bắt đầu nhỏ hơn thời điểm kết thúc, trừ trường hợp nghiệp vụ quy định rõ có thể bằng nhau.
BR-206: Backend là nguồn quyết định cuối cùng đối với quyền, trạng thái, giá, sức chứa, tồn kho, mức rủi ro và kết quả giao dịch; client không được tự xác lập các giá trị này.
BR-207: Mọi thay đổi liên quan đến nhiều bảng hoặc nhiều bản ghi phải thực hiện trong một transaction; một bước thất bại thì toàn bộ nghiệp vụ phải rollback.
BR-209: Các thao tác có khả năng được gửi lại như thanh toán, hoàn tiền, callback và đồng bộ phải hỗ trợ idempotency để một yêu cầu không được xử lý thành công nhiều lần.
BR-225: Hành động tự động phải ghi actor_id = NULL hoặc system actor và có lý do thực hiện rõ ràng.
BR-226: Notification chỉ được phát sau khi thay đổi nghiệp vụ thành công; gửi notification thất bại không được làm mất kết quả giao dịch chính.
BR-008: Tài khoản không được kích hoạt bằng OTP sai, đã hết hạn hoặc đã được sử dụng.
BR-009: Thông tin đăng nhập hợp lệ phải trả về access token và refresh token.
BR-010: Khi thông tin đăng nhập không hợp lệ, hệ thống phải trả về thông báo phù hợp và không tạo phiên đăng nhập."
CTMS-04,[CTMS-04] Refresh Authentication Session,Làm mới phiên đăng nhập,Sprint 1,Committed,/file/spec/ctms-04-refresh-authentication-session.md,"BR-202, BR-204, BR-205, BR-230, BR-231, BR-242, BR-243, BR-244, BR-200, BR-201, BR-214, BR-215, BR-220, BR-236, BR-237, BR-011, BR-012","BR-202: Tài khoản pending_verification, suspended hoặc deleted không được sử dụng chức năng yêu cầu tài khoản hoạt động, trừ flow xác minh hoặc khôi phục được cho phép.
BR-204: Người dùng chỉ được xem hoặc thay đổi dữ liệu thuộc sở hữu của mình, trừ khi vai trò và quan hệ nghiệp vụ cho phép truy cập dữ liệu của người khác.
BR-205: Mọi dữ liệu đầu vào phải được kiểm tra trường bắt buộc, kiểu dữ liệu, định dạng, độ dài, enum và quan hệ giữa các trường trước khi xử lý.
BR-230: Retry dịch vụ bên ngoài phải có giới hạn và backoff; retry không được tạo bản ghi hoặc giao dịch trùng.
BR-231: API phải trả mã lỗi nhất quán: 401 cho lỗi xác thực, 403 cho thiếu quyền, 404 khi không tìm thấy, 409 cho xung đột nghiệp vụ và 422 cho dữ liệu không hợp lệ.
BR-242: Khi backend từ chối do dữ liệu thay đổi đồng thời, UI phải giữ dữ liệu đã nhập, hiển thị lý do và cho phép tải lại hoặc thực hiện lại.
BR-243: Trường hợp thiếu quyền hoặc không thỏa điều kiện nghiệp vụ không được tạo bất kỳ side effect nào.
BR-244: Thay đổi Business Rule, enum, state transition hoặc API contract phải được cập nhật đồng thời trong Spec, test case và tài liệu dữ liệu trước khi Done.
BR-200: Mọi thay đổi được ghi audit log.
BR-201: Mọi chức năng yêu cầu xác thực chỉ được thực hiện khi người dùng có phiên đăng nhập hợp lệ và tài khoản đang ở trạng thái active.
BR-214: Mọi quan hệ dữ liệu phải tham chiếu tới bản ghi tồn tại và hợp lệ; không tạo bản ghi con cho tài nguyên không thuộc đúng phạm vi nghiệp vụ.
BR-215: Email phải được chuẩn hóa trước khi so sánh và lưu; số điện thoại phải được chuẩn hóa theo định dạng thống nhất, ưu tiên E.164.
BR-220: Khoảng thời gian hợp lệ phải có thời điểm bắt đầu nhỏ hơn thời điểm kết thúc, trừ trường hợp nghiệp vụ quy định rõ có thể bằng nhau.
BR-236: Người dùng chỉ được thêm, xóa hoặc sắp xếp media của tài nguyên mà họ sở hữu hoặc được phân quyền quản lý.
BR-237: Background job phải kiểm tra lại điều kiện nghiệp vụ tại thời điểm thực thi và không dựa hoàn toàn vào trạng thái cũ.
BR-011: Tài khoản bị khóa không được phép đăng nhập.
BR-012: Refresh token hợp lệ phải tạo được access token mới."
CTMS-05,[CTMS-05] Reset Forgotten Password,Đặt lại mật khẩu khi quên mật khẩu,Sprint 1,Stretch,/file/spec/ctms-05-reset-forgotten-password.md,"BR-202, BR-204, BR-205, BR-230, BR-231, BR-242, BR-243, BR-244, BR-200, BR-201, BR-214, BR-215, BR-220, BR-013, BR-014, BR-015","BR-202: Tài khoản pending_verification, suspended hoặc deleted không được sử dụng chức năng yêu cầu tài khoản hoạt động, trừ flow xác minh hoặc khôi phục được cho phép.
BR-204: Người dùng chỉ được xem hoặc thay đổi dữ liệu thuộc sở hữu của mình, trừ khi vai trò và quan hệ nghiệp vụ cho phép truy cập dữ liệu của người khác.
BR-205: Mọi dữ liệu đầu vào phải được kiểm tra trường bắt buộc, kiểu dữ liệu, định dạng, độ dài, enum và quan hệ giữa các trường trước khi xử lý.
BR-230: Retry dịch vụ bên ngoài phải có giới hạn và backoff; retry không được tạo bản ghi hoặc giao dịch trùng.
BR-231: API phải trả mã lỗi nhất quán: 401 cho lỗi xác thực, 403 cho thiếu quyền, 404 khi không tìm thấy, 409 cho xung đột nghiệp vụ và 422 cho dữ liệu không hợp lệ.
BR-242: Khi backend từ chối do dữ liệu thay đổi đồng thời, UI phải giữ dữ liệu đã nhập, hiển thị lý do và cho phép tải lại hoặc thực hiện lại.
BR-243: Trường hợp thiếu quyền hoặc không thỏa điều kiện nghiệp vụ không được tạo bất kỳ side effect nào.
BR-244: Thay đổi Business Rule, enum, state transition hoặc API contract phải được cập nhật đồng thời trong Spec, test case và tài liệu dữ liệu trước khi Done.
BR-200: Mọi thay đổi được ghi audit log.
BR-201: Mọi chức năng yêu cầu xác thực chỉ được thực hiện khi người dùng có phiên đăng nhập hợp lệ và tài khoản đang ở trạng thái active.
BR-214: Mọi quan hệ dữ liệu phải tham chiếu tới bản ghi tồn tại và hợp lệ; không tạo bản ghi con cho tài nguyên không thuộc đúng phạm vi nghiệp vụ.
BR-215: Email phải được chuẩn hóa trước khi so sánh và lưu; số điện thoại phải được chuẩn hóa theo định dạng thống nhất, ưu tiên E.164.
BR-220: Khoảng thời gian hợp lệ phải có thời điểm bắt đầu nhỏ hơn thời điểm kết thúc, trừ trường hợp nghiệp vụ quy định rõ có thể bằng nhau.
BR-013: Refresh token đã hết hạn hoặc bị thu hồi phải bị từ chối.
BR-014: Yêu cầu đặt lại mật khẩu phải được xác minh bằng OTP hoặc liên kết đặt lại hợp lệ.
BR-015: Mật khẩu mới phải đáp ứng chính sách mật khẩu của hệ thống."
CTMS-06,"[CTMS-06] Manage Role-Based Access for Camper, Host, Porter, and Admin","Phân quyền theo Camper, Host, Porter và Admin",Sprint 1,Committed,/file/spec/ctms-06-manage-role-based-access-for-camper-host-porter-and-admin.md,"BR-202, BR-204, BR-205, BR-230, BR-231, BR-242, BR-243, BR-244, BR-228, BR-229, BR-016, BR-017, BR-018","BR-202: Tài khoản pending_verification, suspended hoặc deleted không được sử dụng chức năng yêu cầu tài khoản hoạt động, trừ flow xác minh hoặc khôi phục được cho phép.
BR-204: Người dùng chỉ được xem hoặc thay đổi dữ liệu thuộc sở hữu của mình, trừ khi vai trò và quan hệ nghiệp vụ cho phép truy cập dữ liệu của người khác.
BR-205: Mọi dữ liệu đầu vào phải được kiểm tra trường bắt buộc, kiểu dữ liệu, định dạng, độ dài, enum và quan hệ giữa các trường trước khi xử lý.
BR-230: Retry dịch vụ bên ngoài phải có giới hạn và backoff; retry không được tạo bản ghi hoặc giao dịch trùng.
BR-231: API phải trả mã lỗi nhất quán: 401 cho lỗi xác thực, 403 cho thiếu quyền, 404 khi không tìm thấy, 409 cho xung đột nghiệp vụ và 422 cho dữ liệu không hợp lệ.
BR-242: Khi backend từ chối do dữ liệu thay đổi đồng thời, UI phải giữ dữ liệu đã nhập, hiển thị lý do và cho phép tải lại hoặc thực hiện lại.
BR-243: Trường hợp thiếu quyền hoặc không thỏa điều kiện nghiệp vụ không được tạo bất kỳ side effect nào.
BR-244: Thay đổi Business Rule, enum, state transition hoặc API contract phải được cập nhật đồng thời trong Spec, test case và tài liệu dữ liệu trước khi Done.
BR-228: Người dùng có thể tắt thông báo thông thường, nhưng cảnh báo an toàn hoặc khẩn cấp bắt buộc không được vô hiệu hóa khi đang tham gia Trip liên quan.
BR-229: Khi dịch vụ bên ngoài timeout hoặc trả dữ liệu thiếu, hệ thống phải ghi nhận lỗi, không giả định thành công và không tạo dữ liệu không thể xác minh.
BR-016: Sau khi đặt lại mật khẩu thành công, toàn bộ phiên đăng nhập cũ của tài khoản phải bị thu hồi.
BR-017: Mọi API được bảo vệ phải kiểm tra quyền truy cập tại backend.
BR-018: Người dùng không được truy cập chức năng nằm ngoài vai trò hoặc phạm vi quyền được cấp."
CTMS-07,[CTMS-07] Update Personal Profile and Emergency Contact,Cập nhật hồ sơ cá nhân và người liên hệ khẩn cấp,Sprint 1,Committed,/file/spec/ctms-07-update-personal-profile-and-emergency-contact.md,"BR-202, BR-204, BR-205, BR-230, BR-231, BR-242, BR-243, BR-244, BR-216, BR-217, BR-223, BR-019, BR-020, BR-021","BR-202: Tài khoản pending_verification, suspended hoặc deleted không được sử dụng chức năng yêu cầu tài khoản hoạt động, trừ flow xác minh hoặc khôi phục được cho phép.
BR-204: Người dùng chỉ được xem hoặc thay đổi dữ liệu thuộc sở hữu của mình, trừ khi vai trò và quan hệ nghiệp vụ cho phép truy cập dữ liệu của người khác.
BR-205: Mọi dữ liệu đầu vào phải được kiểm tra trường bắt buộc, kiểu dữ liệu, định dạng, độ dài, enum và quan hệ giữa các trường trước khi xử lý.
BR-230: Retry dịch vụ bên ngoài phải có giới hạn và backoff; retry không được tạo bản ghi hoặc giao dịch trùng.
BR-231: API phải trả mã lỗi nhất quán: 401 cho lỗi xác thực, 403 cho thiếu quyền, 404 khi không tìm thấy, 409 cho xung đột nghiệp vụ và 422 cho dữ liệu không hợp lệ.
BR-242: Khi backend từ chối do dữ liệu thay đổi đồng thời, UI phải giữ dữ liệu đã nhập, hiển thị lý do và cho phép tải lại hoặc thực hiện lại.
BR-243: Trường hợp thiếu quyền hoặc không thỏa điều kiện nghiệp vụ không được tạo bất kỳ side effect nào.
BR-244: Thay đổi Business Rule, enum, state transition hoặc API contract phải được cập nhật đồng thời trong Spec, test case và tài liệu dữ liệu trước khi Done.
BR-216: Mật khẩu, OTP, access token và refresh token không được lưu dạng văn bản thuần; log và API response không được để lộ các giá trị này.
BR-217: Dữ liệu cá nhân và dữ liệu sức khỏe chỉ được trả về đúng trường cần thiết cho mục đích nghiệp vụ và đúng người có quyền.
BR-223: Audit log là append-only; người dùng và Admin không được sửa hoặc xóa audit log qua chức năng nghiệp vụ thông thường.
BR-019: Thao tác đã xác thực nhưng không đủ quyền phải trả về HTTP 403 và không tạo side effect.
BR-020: Thông tin hồ sơ cá nhân chỉ được cập nhật khi dữ liệu hợp lệ.
BR-021: Mỗi tài khoản được lưu tối đa hai người liên hệ khẩn cấp theo cấu trúc quy định."
CTMS-08,[CTMS-08] Log Out from Current Device or All Devices,Đăng xuất khỏi thiết bị hiện tại hoặc toàn bộ thiết bị,Sprint 1,Stretch,/file/spec/ctms-08-log-out-from-current-device-or-all-devices.md,"BR-202, BR-204, BR-205, BR-230, BR-231, BR-242, BR-243, BR-244, BR-200, BR-201, BR-214, BR-215, BR-220, BR-206, BR-207, BR-209, BR-022, BR-023","BR-202: Tài khoản pending_verification, suspended hoặc deleted không được sử dụng chức năng yêu cầu tài khoản hoạt động, trừ flow xác minh hoặc khôi phục được cho phép.
BR-204: Người dùng chỉ được xem hoặc thay đổi dữ liệu thuộc sở hữu của mình, trừ khi vai trò và quan hệ nghiệp vụ cho phép truy cập dữ liệu của người khác.
BR-205: Mọi dữ liệu đầu vào phải được kiểm tra trường bắt buộc, kiểu dữ liệu, định dạng, độ dài, enum và quan hệ giữa các trường trước khi xử lý.
BR-230: Retry dịch vụ bên ngoài phải có giới hạn và backoff; retry không được tạo bản ghi hoặc giao dịch trùng.
BR-231: API phải trả mã lỗi nhất quán: 401 cho lỗi xác thực, 403 cho thiếu quyền, 404 khi không tìm thấy, 409 cho xung đột nghiệp vụ và 422 cho dữ liệu không hợp lệ.
BR-242: Khi backend từ chối do dữ liệu thay đổi đồng thời, UI phải giữ dữ liệu đã nhập, hiển thị lý do và cho phép tải lại hoặc thực hiện lại.
BR-243: Trường hợp thiếu quyền hoặc không thỏa điều kiện nghiệp vụ không được tạo bất kỳ side effect nào.
BR-244: Thay đổi Business Rule, enum, state transition hoặc API contract phải được cập nhật đồng thời trong Spec, test case và tài liệu dữ liệu trước khi Done.
BR-200: Mọi thay đổi được ghi audit log.
BR-201: Mọi chức năng yêu cầu xác thực chỉ được thực hiện khi người dùng có phiên đăng nhập hợp lệ và tài khoản đang ở trạng thái active.
BR-214: Mọi quan hệ dữ liệu phải tham chiếu tới bản ghi tồn tại và hợp lệ; không tạo bản ghi con cho tài nguyên không thuộc đúng phạm vi nghiệp vụ.
BR-215: Email phải được chuẩn hóa trước khi so sánh và lưu; số điện thoại phải được chuẩn hóa theo định dạng thống nhất, ưu tiên E.164.
BR-220: Khoảng thời gian hợp lệ phải có thời điểm bắt đầu nhỏ hơn thời điểm kết thúc, trừ trường hợp nghiệp vụ quy định rõ có thể bằng nhau.
BR-206: Backend là nguồn quyết định cuối cùng đối với quyền, trạng thái, giá, sức chứa, tồn kho, mức rủi ro và kết quả giao dịch; client không được tự xác lập các giá trị này.
BR-207: Mọi thay đổi liên quan đến nhiều bảng hoặc nhiều bản ghi phải thực hiện trong một transaction; một bước thất bại thì toàn bộ nghiệp vụ phải rollback.
BR-209: Các thao tác có khả năng được gửi lại như thanh toán, hoàn tiền, callback và đồng bộ phải hỗ trợ idempotency để một yêu cầu không được xử lý thành công nhiều lần.
BR-022: Dữ liệu cá nhân nhạy cảm chỉ được truy cập bởi người dùng hoặc vai trò được cấp quyền.
BR-023: Đăng xuất khỏi thiết bị hiện tại phải thu hồi refresh token của phiên tương ứng."
CTMS-09,[CTMS-09] Store Important Health Information,Lưu thông tin sức khỏe cần lưu ý,Sprint 1,Stretch,/file/spec/ctms-09-store-important-health-information.md,"BR-202, BR-204, BR-205, BR-230, BR-231, BR-242, BR-243, BR-244, BR-216, BR-217, BR-223, BR-232, BR-233, BR-024, BR-025","BR-202: Tài khoản pending_verification, suspended hoặc deleted không được sử dụng chức năng yêu cầu tài khoản hoạt động, trừ flow xác minh hoặc khôi phục được cho phép.
BR-204: Người dùng chỉ được xem hoặc thay đổi dữ liệu thuộc sở hữu của mình, trừ khi vai trò và quan hệ nghiệp vụ cho phép truy cập dữ liệu của người khác.
BR-205: Mọi dữ liệu đầu vào phải được kiểm tra trường bắt buộc, kiểu dữ liệu, định dạng, độ dài, enum và quan hệ giữa các trường trước khi xử lý.
BR-230: Retry dịch vụ bên ngoài phải có giới hạn và backoff; retry không được tạo bản ghi hoặc giao dịch trùng.
BR-231: API phải trả mã lỗi nhất quán: 401 cho lỗi xác thực, 403 cho thiếu quyền, 404 khi không tìm thấy, 409 cho xung đột nghiệp vụ và 422 cho dữ liệu không hợp lệ.
BR-242: Khi backend từ chối do dữ liệu thay đổi đồng thời, UI phải giữ dữ liệu đã nhập, hiển thị lý do và cho phép tải lại hoặc thực hiện lại.
BR-243: Trường hợp thiếu quyền hoặc không thỏa điều kiện nghiệp vụ không được tạo bất kỳ side effect nào.
BR-244: Thay đổi Business Rule, enum, state transition hoặc API contract phải được cập nhật đồng thời trong Spec, test case và tài liệu dữ liệu trước khi Done.
BR-216: Mật khẩu, OTP, access token và refresh token không được lưu dạng văn bản thuần; log và API response không được để lộ các giá trị này.
BR-217: Dữ liệu cá nhân và dữ liệu sức khỏe chỉ được trả về đúng trường cần thiết cho mục đích nghiệp vụ và đúng người có quyền.
BR-223: Audit log là append-only; người dùng và Admin không được sửa hoặc xóa audit log qua chức năng nghiệp vụ thông thường.
BR-232: Thông báo lỗi phải rõ ràng, có thể hành động và không tiết lộ stack trace, dữ liệu bí mật hoặc tài nguyên người dùng không có quyền xem.
BR-233: API trả danh sách phải hỗ trợ phân trang và giới hạn số bản ghi; chỉ cho phép lọc và sắp xếp trên các trường được công bố.
BR-024: Đăng xuất khỏi tất cả thiết bị phải thu hồi toàn bộ refresh token còn hiệu lực của người dùng.
BR-025: Hồ sơ sức khỏe của Camper chỉ được Host hoặc Porter thuộc Trip liên quan xem khi có consent hợp lệ."
CTMS-10,[CTMS-10] Create Campsite,Tạo campsite,Sprint 2,Committed,/file/spec/ctms-10-create-campsite.md,"BR-202, BR-204, BR-205, BR-230, BR-231, BR-242, BR-243, BR-244, BR-200, BR-201, BR-214, BR-215, BR-220, BR-210, BR-211, BR-234, BR-235, BR-218, BR-219, BR-026, BR-027, BR-028","BR-202: Tài khoản pending_verification, suspended hoặc deleted không được sử dụng chức năng yêu cầu tài khoản hoạt động, trừ flow xác minh hoặc khôi phục được cho phép.
BR-204: Người dùng chỉ được xem hoặc thay đổi dữ liệu thuộc sở hữu của mình, trừ khi vai trò và quan hệ nghiệp vụ cho phép truy cập dữ liệu của người khác.
BR-205: Mọi dữ liệu đầu vào phải được kiểm tra trường bắt buộc, kiểu dữ liệu, định dạng, độ dài, enum và quan hệ giữa các trường trước khi xử lý.
BR-230: Retry dịch vụ bên ngoài phải có giới hạn và backoff; retry không được tạo bản ghi hoặc giao dịch trùng.
BR-231: API phải trả mã lỗi nhất quán: 401 cho lỗi xác thực, 403 cho thiếu quyền, 404 khi không tìm thấy, 409 cho xung đột nghiệp vụ và 422 cho dữ liệu không hợp lệ.
BR-242: Khi backend từ chối do dữ liệu thay đổi đồng thời, UI phải giữ dữ liệu đã nhập, hiển thị lý do và cho phép tải lại hoặc thực hiện lại.
BR-243: Trường hợp thiếu quyền hoặc không thỏa điều kiện nghiệp vụ không được tạo bất kỳ side effect nào.
BR-244: Thay đổi Business Rule, enum, state transition hoặc API contract phải được cập nhật đồng thời trong Spec, test case và tài liệu dữ liệu trước khi Done.
BR-200: Mọi thay đổi được ghi audit log.
BR-201: Mọi chức năng yêu cầu xác thực chỉ được thực hiện khi người dùng có phiên đăng nhập hợp lệ và tài khoản đang ở trạng thái active.
BR-214: Mọi quan hệ dữ liệu phải tham chiếu tới bản ghi tồn tại và hợp lệ; không tạo bản ghi con cho tài nguyên không thuộc đúng phạm vi nghiệp vụ.
BR-215: Email phải được chuẩn hóa trước khi so sánh và lưu; số điện thoại phải được chuẩn hóa theo định dạng thống nhất, ưu tiên E.164.
BR-220: Khoảng thời gian hợp lệ phải có thời điểm bắt đầu nhỏ hơn thời điểm kết thúc, trừ trường hợp nghiệp vụ quy định rõ có thể bằng nhau.
BR-210: Khi nhiều yêu cầu đồng thời thay đổi cùng tài nguyên, hệ thống phải dùng transaction, locking hoặc version control để ngăn ghi đè và vượt giới hạn nghiệp vụ.
BR-211: Mọi tài nguyên có trạng thái phải tuân thủ state transition đã định nghĩa và không được sử dụng giá trị ngoài enum database.
BR-234: Danh sách công khai chỉ được chứa tài nguyên ở trạng thái cho phép công khai; draft, suspended, closed hoặc archived không được hiển thị nếu không có quy định khác.
BR-235: Media phải lưu URL và metadata cần thiết; URL client cung cấp chỉ hợp lệ sau khi hoàn tất quy trình upload/xác minh.
BR-218: Quyền truy cập dữ liệu sức khỏe phải dựa trên consent và quan hệ với Trip; khi thu hồi consent, quyền truy cập phải chấm dứt ngay.
BR-219: Mọi thời gian phải được lưu dưới dạng timestamptz và hiển thị theo múi giờ người dùng hoặc địa điểm được cấu hình.
BR-026: Camper được phép chỉnh sửa hồ sơ sức khỏe hoặc thu hồi quyền chia sẻ bất kỳ lúc nào.
BR-027: Campsite phải có tên, mô tả, tọa độ, tỉnh/thành, ảnh, chính sách và thời gian hoạt động.
BR-028: Campsite được tạo ở trạng thái Draft."
CTMS-11,[CTMS-11] Edit Campsite Information,Chỉnh sửa thông tin campsite,Sprint 2,Stretch,/file/spec/ctms-11-edit-campsite-information.md,"BR-202, BR-204, BR-205, BR-230, BR-231, BR-242, BR-243, BR-244, BR-221, BR-222, BR-223, BR-224, BR-029, BR-030, BR-031","BR-202: Tài khoản pending_verification, suspended hoặc deleted không được sử dụng chức năng yêu cầu tài khoản hoạt động, trừ flow xác minh hoặc khôi phục được cho phép.
BR-204: Người dùng chỉ được xem hoặc thay đổi dữ liệu thuộc sở hữu của mình, trừ khi vai trò và quan hệ nghiệp vụ cho phép truy cập dữ liệu của người khác.
BR-205: Mọi dữ liệu đầu vào phải được kiểm tra trường bắt buộc, kiểu dữ liệu, định dạng, độ dài, enum và quan hệ giữa các trường trước khi xử lý.
BR-230: Retry dịch vụ bên ngoài phải có giới hạn và backoff; retry không được tạo bản ghi hoặc giao dịch trùng.
BR-231: API phải trả mã lỗi nhất quán: 401 cho lỗi xác thực, 403 cho thiếu quyền, 404 khi không tìm thấy, 409 cho xung đột nghiệp vụ và 422 cho dữ liệu không hợp lệ.
BR-242: Khi backend từ chối do dữ liệu thay đổi đồng thời, UI phải giữ dữ liệu đã nhập, hiển thị lý do và cho phép tải lại hoặc thực hiện lại.
BR-243: Trường hợp thiếu quyền hoặc không thỏa điều kiện nghiệp vụ không được tạo bất kỳ side effect nào.
BR-244: Thay đổi Business Rule, enum, state transition hoặc API contract phải được cập nhật đồng thời trong Spec, test case và tài liệu dữ liệu trước khi Done.
BR-221: OTP TTL, token TTL, số lần thử, rate limit, thời gian giữ booking và thời hạn retry phải được cấu hình, không hard-code trong logic.
BR-222: Hành động quan trọng phải được ghi audit log với actor, action, target, timestamp, dữ liệu trước và sau hoặc lý do thay đổi.
BR-223: Audit log là append-only; người dùng và Admin không được sửa hoặc xóa audit log qua chức năng nghiệp vụ thông thường.
BR-224: Audit log không được chứa mật khẩu, OTP, token, dữ liệu thanh toán nhạy cảm hoặc dữ liệu sức khỏe không cần thiết.
BR-029: Chỉ Host đã đăng nhập được tạo.
BR-030: Chỉ Host sở hữu campsite được sửa.
BR-031: Hệ thống phải lưu lịch sử thay đổi."
CTMS-12,[CTMS-12] Create Zones in Campsite,Tạo các zone trong campsite,Sprint 2,Stretch,/file/spec/ctms-12-create-zones-in-campsite.md,"BR-202, BR-204, BR-205, BR-230, BR-231, BR-242, BR-243, BR-244, BR-210, BR-211, BR-206, BR-207, BR-209, BR-032","BR-202: Tài khoản pending_verification, suspended hoặc deleted không được sử dụng chức năng yêu cầu tài khoản hoạt động, trừ flow xác minh hoặc khôi phục được cho phép.
BR-204: Người dùng chỉ được xem hoặc thay đổi dữ liệu thuộc sở hữu của mình, trừ khi vai trò và quan hệ nghiệp vụ cho phép truy cập dữ liệu của người khác.
BR-205: Mọi dữ liệu đầu vào phải được kiểm tra trường bắt buộc, kiểu dữ liệu, định dạng, độ dài, enum và quan hệ giữa các trường trước khi xử lý.
BR-230: Retry dịch vụ bên ngoài phải có giới hạn và backoff; retry không được tạo bản ghi hoặc giao dịch trùng.
BR-231: API phải trả mã lỗi nhất quán: 401 cho lỗi xác thực, 403 cho thiếu quyền, 404 khi không tìm thấy, 409 cho xung đột nghiệp vụ và 422 cho dữ liệu không hợp lệ.
BR-242: Khi backend từ chối do dữ liệu thay đổi đồng thời, UI phải giữ dữ liệu đã nhập, hiển thị lý do và cho phép tải lại hoặc thực hiện lại.
BR-243: Trường hợp thiếu quyền hoặc không thỏa điều kiện nghiệp vụ không được tạo bất kỳ side effect nào.
BR-244: Thay đổi Business Rule, enum, state transition hoặc API contract phải được cập nhật đồng thời trong Spec, test case và tài liệu dữ liệu trước khi Done.
BR-210: Khi nhiều yêu cầu đồng thời thay đổi cùng tài nguyên, hệ thống phải dùng transaction, locking hoặc version control để ngăn ghi đè và vượt giới hạn nghiệp vụ.
BR-211: Mọi tài nguyên có trạng thái phải tuân thủ state transition đã định nghĩa và không được sử dụng giá trị ngoài enum database.
BR-206: Backend là nguồn quyết định cuối cùng đối với quyền, trạng thái, giá, sức chứa, tồn kho, mức rủi ro và kết quả giao dịch; client không được tự xác lập các giá trị này.
BR-207: Mọi thay đổi liên quan đến nhiều bảng hoặc nhiều bản ghi phải thực hiện trong một transaction; một bước thất bại thì toàn bộ nghiệp vụ phải rollback.
BR-209: Các thao tác có khả năng được gửi lại như thanh toán, hoàn tiền, callback và đồng bộ phải hỗ trợ idempotency để một yêu cầu không được xử lý thành công nhiều lần.
BR-032: Dữ liệu cập nhật hiển thị cho Camper."
CTMS-13,[CTMS-13] Schedule Campsite or Zone Closure,Lập lịch đóng campsite hoặc zone,Sprint 2,Stretch,/file/spec/ctms-13-schedule-campsite-or-zone-closure.md,"BR-202, BR-204, BR-205, BR-230, BR-231, BR-242, BR-243, BR-244, BR-210, BR-211, BR-218, BR-219, BR-033, BR-034, BR-035","BR-202: Tài khoản pending_verification, suspended hoặc deleted không được sử dụng chức năng yêu cầu tài khoản hoạt động, trừ flow xác minh hoặc khôi phục được cho phép.
BR-204: Người dùng chỉ được xem hoặc thay đổi dữ liệu thuộc sở hữu của mình, trừ khi vai trò và quan hệ nghiệp vụ cho phép truy cập dữ liệu của người khác.
BR-205: Mọi dữ liệu đầu vào phải được kiểm tra trường bắt buộc, kiểu dữ liệu, định dạng, độ dài, enum và quan hệ giữa các trường trước khi xử lý.
BR-230: Retry dịch vụ bên ngoài phải có giới hạn và backoff; retry không được tạo bản ghi hoặc giao dịch trùng.
BR-231: API phải trả mã lỗi nhất quán: 401 cho lỗi xác thực, 403 cho thiếu quyền, 404 khi không tìm thấy, 409 cho xung đột nghiệp vụ và 422 cho dữ liệu không hợp lệ.
BR-242: Khi backend từ chối do dữ liệu thay đổi đồng thời, UI phải giữ dữ liệu đã nhập, hiển thị lý do và cho phép tải lại hoặc thực hiện lại.
BR-243: Trường hợp thiếu quyền hoặc không thỏa điều kiện nghiệp vụ không được tạo bất kỳ side effect nào.
BR-244: Thay đổi Business Rule, enum, state transition hoặc API contract phải được cập nhật đồng thời trong Spec, test case và tài liệu dữ liệu trước khi Done.
BR-210: Khi nhiều yêu cầu đồng thời thay đổi cùng tài nguyên, hệ thống phải dùng transaction, locking hoặc version control để ngăn ghi đè và vượt giới hạn nghiệp vụ.
BR-211: Mọi tài nguyên có trạng thái phải tuân thủ state transition đã định nghĩa và không được sử dụng giá trị ngoài enum database.
BR-218: Quyền truy cập dữ liệu sức khỏe phải dựa trên consent và quan hệ với Trip; khi thu hồi consent, quyền truy cập phải chấm dứt ngay.
BR-219: Mọi thời gian phải được lưu dưới dạng timestamptz và hiển thị theo múi giờ người dùng hoặc địa điểm được cấu hình.
BR-033: Mỗi zone có tên, sức chứa, vị trí, giá cơ bản, tiện ích và trạng thái.
BR-034: Hệ thống phải cho phép chọn phạm vi Campsite hoặc Zone, ngày bắt đầu, ngày kết thúc và lý do.
BR-035: Ngày bắt đầu không sau ngày kết thúc."
CTMS-14,[CTMS-14] Update Zone Status,Cập nhật trạng thái zone,Sprint 2,Stretch,/file/spec/ctms-14-update-zone-status.md,"BR-202, BR-204, BR-205, BR-230, BR-231, BR-242, BR-243, BR-244, BR-210, BR-211, BR-225, BR-226, BR-234, BR-235, BR-036, BR-037, BR-038","BR-202: Tài khoản pending_verification, suspended hoặc deleted không được sử dụng chức năng yêu cầu tài khoản hoạt động, trừ flow xác minh hoặc khôi phục được cho phép.
BR-204: Người dùng chỉ được xem hoặc thay đổi dữ liệu thuộc sở hữu của mình, trừ khi vai trò và quan hệ nghiệp vụ cho phép truy cập dữ liệu của người khác.
BR-205: Mọi dữ liệu đầu vào phải được kiểm tra trường bắt buộc, kiểu dữ liệu, định dạng, độ dài, enum và quan hệ giữa các trường trước khi xử lý.
BR-230: Retry dịch vụ bên ngoài phải có giới hạn và backoff; retry không được tạo bản ghi hoặc giao dịch trùng.
BR-231: API phải trả mã lỗi nhất quán: 401 cho lỗi xác thực, 403 cho thiếu quyền, 404 khi không tìm thấy, 409 cho xung đột nghiệp vụ và 422 cho dữ liệu không hợp lệ.
BR-242: Khi backend từ chối do dữ liệu thay đổi đồng thời, UI phải giữ dữ liệu đã nhập, hiển thị lý do và cho phép tải lại hoặc thực hiện lại.
BR-243: Trường hợp thiếu quyền hoặc không thỏa điều kiện nghiệp vụ không được tạo bất kỳ side effect nào.
BR-244: Thay đổi Business Rule, enum, state transition hoặc API contract phải được cập nhật đồng thời trong Spec, test case và tài liệu dữ liệu trước khi Done.
BR-210: Khi nhiều yêu cầu đồng thời thay đổi cùng tài nguyên, hệ thống phải dùng transaction, locking hoặc version control để ngăn ghi đè và vượt giới hạn nghiệp vụ.
BR-211: Mọi tài nguyên có trạng thái phải tuân thủ state transition đã định nghĩa và không được sử dụng giá trị ngoài enum database.
BR-225: Hành động tự động phải ghi actor_id = NULL hoặc system actor và có lý do thực hiện rõ ràng.
BR-226: Notification chỉ được phát sau khi thay đổi nghiệp vụ thành công; gửi notification thất bại không được làm mất kết quả giao dịch chính.
BR-234: Danh sách công khai chỉ được chứa tài nguyên ở trạng thái cho phép công khai; draft, suspended, closed hoặc archived không được hiển thị nếu không có quy định khác.
BR-235: Media phải lưu URL và metadata cần thiết; URL client cung cấp chỉ hợp lệ sau khi hoàn tất quy trình upload/xác minh.
BR-036: Trip và trip_camp_stays giao với khoảng đóng không được công khai hoặc sử dụng.
BR-037: Zone sử dụng đúng enum zone_status: active, closed, archived.
BR-038: Zone có status khác active không được chọn cho đêm nghỉ mới."
CTMS-15,[CTMS-15] Manage Campsite Images,Quản lý hình ảnh campsite,Sprint 2,Stretch,/file/spec/ctms-15-manage-campsite-images.md,"BR-202, BR-204, BR-205, BR-230, BR-231, BR-242, BR-243, BR-244, BR-234, BR-235, BR-039, BR-040, BR-041","BR-202: Tài khoản pending_verification, suspended hoặc deleted không được sử dụng chức năng yêu cầu tài khoản hoạt động, trừ flow xác minh hoặc khôi phục được cho phép.
BR-204: Người dùng chỉ được xem hoặc thay đổi dữ liệu thuộc sở hữu của mình, trừ khi vai trò và quan hệ nghiệp vụ cho phép truy cập dữ liệu của người khác.
BR-205: Mọi dữ liệu đầu vào phải được kiểm tra trường bắt buộc, kiểu dữ liệu, định dạng, độ dài, enum và quan hệ giữa các trường trước khi xử lý.
BR-230: Retry dịch vụ bên ngoài phải có giới hạn và backoff; retry không được tạo bản ghi hoặc giao dịch trùng.
BR-231: API phải trả mã lỗi nhất quán: 401 cho lỗi xác thực, 403 cho thiếu quyền, 404 khi không tìm thấy, 409 cho xung đột nghiệp vụ và 422 cho dữ liệu không hợp lệ.
BR-242: Khi backend từ chối do dữ liệu thay đổi đồng thời, UI phải giữ dữ liệu đã nhập, hiển thị lý do và cho phép tải lại hoặc thực hiện lại.
BR-243: Trường hợp thiếu quyền hoặc không thỏa điều kiện nghiệp vụ không được tạo bất kỳ side effect nào.
BR-244: Thay đổi Business Rule, enum, state transition hoặc API contract phải được cập nhật đồng thời trong Spec, test case và tài liệu dữ liệu trước khi Done.
BR-234: Danh sách công khai chỉ được chứa tài nguyên ở trạng thái cho phép công khai; draft, suspended, closed hoặc archived không được hiển thị nếu không có quy định khác.
BR-235: Media phải lưu URL và metadata cần thiết; URL client cung cấp chỉ hợp lệ sau khi hoàn tất quy trình upload/xác minh.
BR-039: Các Trip đang bị ảnh hưởng phải được cảnh báo để xử lý.
BR-040: Hệ thống phải cho phép thêm, xóa và sắp xếp ảnh.
BR-041: Mỗi ảnh có URL, loại và thứ tự."
CTMS-16,[CTMS-16] Approve Campsite Before Publishing,Phê duyệt campsite trước khi công khai,Sprint 2,Stretch,/file/spec/ctms-16-approve-campsite-before-publishing.md,"BR-202, BR-204, BR-205, BR-230, BR-231, BR-242, BR-243, BR-244, BR-210, BR-211, BR-221, BR-222, BR-223, BR-224, BR-225, BR-226, BR-042, BR-043, BR-044","BR-202: Tài khoản pending_verification, suspended hoặc deleted không được sử dụng chức năng yêu cầu tài khoản hoạt động, trừ flow xác minh hoặc khôi phục được cho phép.
BR-204: Người dùng chỉ được xem hoặc thay đổi dữ liệu thuộc sở hữu của mình, trừ khi vai trò và quan hệ nghiệp vụ cho phép truy cập dữ liệu của người khác.
BR-205: Mọi dữ liệu đầu vào phải được kiểm tra trường bắt buộc, kiểu dữ liệu, định dạng, độ dài, enum và quan hệ giữa các trường trước khi xử lý.
BR-230: Retry dịch vụ bên ngoài phải có giới hạn và backoff; retry không được tạo bản ghi hoặc giao dịch trùng.
BR-231: API phải trả mã lỗi nhất quán: 401 cho lỗi xác thực, 403 cho thiếu quyền, 404 khi không tìm thấy, 409 cho xung đột nghiệp vụ và 422 cho dữ liệu không hợp lệ.
BR-242: Khi backend từ chối do dữ liệu thay đổi đồng thời, UI phải giữ dữ liệu đã nhập, hiển thị lý do và cho phép tải lại hoặc thực hiện lại.
BR-243: Trường hợp thiếu quyền hoặc không thỏa điều kiện nghiệp vụ không được tạo bất kỳ side effect nào.
BR-244: Thay đổi Business Rule, enum, state transition hoặc API contract phải được cập nhật đồng thời trong Spec, test case và tài liệu dữ liệu trước khi Done.
BR-210: Khi nhiều yêu cầu đồng thời thay đổi cùng tài nguyên, hệ thống phải dùng transaction, locking hoặc version control để ngăn ghi đè và vượt giới hạn nghiệp vụ.
BR-211: Mọi tài nguyên có trạng thái phải tuân thủ state transition đã định nghĩa và không được sử dụng giá trị ngoài enum database.
BR-221: OTP TTL, token TTL, số lần thử, rate limit, thời gian giữ booking và thời hạn retry phải được cấu hình, không hard-code trong logic.
BR-222: Hành động quan trọng phải được ghi audit log với actor, action, target, timestamp, dữ liệu trước và sau hoặc lý do thay đổi.
BR-223: Audit log là append-only; người dùng và Admin không được sửa hoặc xóa audit log qua chức năng nghiệp vụ thông thường.
BR-224: Audit log không được chứa mật khẩu, OTP, token, dữ liệu thanh toán nhạy cảm hoặc dữ liệu sức khỏe không cần thiết.
BR-225: Hành động tự động phải ghi actor_id = NULL hoặc system actor và có lý do thực hiện rõ ràng.
BR-226: Notification chỉ được phát sau khi thay đổi nghiệp vụ thành công; gửi notification thất bại không được làm mất kết quả giao dịch chính.
BR-042: Chỉ Host sở hữu campsite được cập nhật.
BR-043: Chỉ campsite có status = pending_approval mới được xét duyệt.
BR-044: Duyệt thành công chuyển status = active. Nếu không duyệt, chuyển về draft để Host chỉnh sửa và lưu lý do trong audit_logs/notifications."
CTMS-17,[CTMS-17] Search Campsites,Tìm kiếm campsite,Sprint 2,Stretch,/file/spec/ctms-17-search-campsites.md,"BR-202, BR-204, BR-205, BR-230, BR-231, BR-242, BR-243, BR-244, BR-210, BR-211, BR-232, BR-233, BR-234, BR-235, BR-045, BR-046, BR-047","BR-202: Tài khoản pending_verification, suspended hoặc deleted không được sử dụng chức năng yêu cầu tài khoản hoạt động, trừ flow xác minh hoặc khôi phục được cho phép.
BR-204: Người dùng chỉ được xem hoặc thay đổi dữ liệu thuộc sở hữu của mình, trừ khi vai trò và quan hệ nghiệp vụ cho phép truy cập dữ liệu của người khác.
BR-205: Mọi dữ liệu đầu vào phải được kiểm tra trường bắt buộc, kiểu dữ liệu, định dạng, độ dài, enum và quan hệ giữa các trường trước khi xử lý.
BR-230: Retry dịch vụ bên ngoài phải có giới hạn và backoff; retry không được tạo bản ghi hoặc giao dịch trùng.
BR-231: API phải trả mã lỗi nhất quán: 401 cho lỗi xác thực, 403 cho thiếu quyền, 404 khi không tìm thấy, 409 cho xung đột nghiệp vụ và 422 cho dữ liệu không hợp lệ.
BR-242: Khi backend từ chối do dữ liệu thay đổi đồng thời, UI phải giữ dữ liệu đã nhập, hiển thị lý do và cho phép tải lại hoặc thực hiện lại.
BR-243: Trường hợp thiếu quyền hoặc không thỏa điều kiện nghiệp vụ không được tạo bất kỳ side effect nào.
BR-244: Thay đổi Business Rule, enum, state transition hoặc API contract phải được cập nhật đồng thời trong Spec, test case và tài liệu dữ liệu trước khi Done.
BR-210: Khi nhiều yêu cầu đồng thời thay đổi cùng tài nguyên, hệ thống phải dùng transaction, locking hoặc version control để ngăn ghi đè và vượt giới hạn nghiệp vụ.
BR-211: Mọi tài nguyên có trạng thái phải tuân thủ state transition đã định nghĩa và không được sử dụng giá trị ngoài enum database.
BR-232: Thông báo lỗi phải rõ ràng, có thể hành động và không tiết lộ stack trace, dữ liệu bí mật hoặc tài nguyên người dùng không có quyền xem.
BR-233: API trả danh sách phải hỗ trợ phân trang và giới hạn số bản ghi; chỉ cho phép lọc và sắp xếp trên các trường được công bố.
BR-234: Danh sách công khai chỉ được chứa tài nguyên ở trạng thái cho phép công khai; draft, suspended, closed hoặc archived không được hiển thị nếu không có quy định khác.
BR-235: Media phải lưu URL và metadata cần thiết; URL client cung cấp chỉ hợp lệ sau khi hoàn tất quy trình upload/xác minh.
BR-045: Không sử dụng status rejected vì database không có giá trị này.
BR-046: Hệ thống phải hỗ trợ lọc theo tỉnh/thành, tiện ích, khoảng giá cơ bản của zone và trạng thái.
BR-047: Chỉ hiển thị campsite có status = active."
CTMS-18,[CTMS-18] View Campsite Details,Xem chi tiết campsite,Sprint 2,Stretch,/file/spec/ctms-18-view-campsite-details.md,"BR-202, BR-204, BR-205, BR-230, BR-231, BR-242, BR-243, BR-244, BR-210, BR-211, BR-228, BR-229, BR-232, BR-233, BR-234, BR-235, BR-048, BR-049","BR-202: Tài khoản pending_verification, suspended hoặc deleted không được sử dụng chức năng yêu cầu tài khoản hoạt động, trừ flow xác minh hoặc khôi phục được cho phép.
BR-204: Người dùng chỉ được xem hoặc thay đổi dữ liệu thuộc sở hữu của mình, trừ khi vai trò và quan hệ nghiệp vụ cho phép truy cập dữ liệu của người khác.
BR-205: Mọi dữ liệu đầu vào phải được kiểm tra trường bắt buộc, kiểu dữ liệu, định dạng, độ dài, enum và quan hệ giữa các trường trước khi xử lý.
BR-230: Retry dịch vụ bên ngoài phải có giới hạn và backoff; retry không được tạo bản ghi hoặc giao dịch trùng.
BR-231: API phải trả mã lỗi nhất quán: 401 cho lỗi xác thực, 403 cho thiếu quyền, 404 khi không tìm thấy, 409 cho xung đột nghiệp vụ và 422 cho dữ liệu không hợp lệ.
BR-242: Khi backend từ chối do dữ liệu thay đổi đồng thời, UI phải giữ dữ liệu đã nhập, hiển thị lý do và cho phép tải lại hoặc thực hiện lại.
BR-243: Trường hợp thiếu quyền hoặc không thỏa điều kiện nghiệp vụ không được tạo bất kỳ side effect nào.
BR-244: Thay đổi Business Rule, enum, state transition hoặc API contract phải được cập nhật đồng thời trong Spec, test case và tài liệu dữ liệu trước khi Done.
BR-210: Khi nhiều yêu cầu đồng thời thay đổi cùng tài nguyên, hệ thống phải dùng transaction, locking hoặc version control để ngăn ghi đè và vượt giới hạn nghiệp vụ.
BR-211: Mọi tài nguyên có trạng thái phải tuân thủ state transition đã định nghĩa và không được sử dụng giá trị ngoài enum database.
BR-228: Người dùng có thể tắt thông báo thông thường, nhưng cảnh báo an toàn hoặc khẩn cấp bắt buộc không được vô hiệu hóa khi đang tham gia Trip liên quan.
BR-229: Khi dịch vụ bên ngoài timeout hoặc trả dữ liệu thiếu, hệ thống phải ghi nhận lỗi, không giả định thành công và không tạo dữ liệu không thể xác minh.
BR-232: Thông báo lỗi phải rõ ràng, có thể hành động và không tiết lộ stack trace, dữ liệu bí mật hoặc tài nguyên người dùng không có quyền xem.
BR-233: API trả danh sách phải hỗ trợ phân trang và giới hạn số bản ghi; chỉ cho phép lọc và sắp xếp trên các trường được công bố.
BR-234: Danh sách công khai chỉ được chứa tài nguyên ở trạng thái cho phép công khai; draft, suspended, closed hoặc archived không được hiển thị nếu không có quy định khác.
BR-235: Media phải lưu URL và metadata cần thiết; URL client cung cấp chỉ hợp lệ sau khi hoàn tất quy trình upload/xác minh.
BR-048: Kết quả có tên, vị trí, ảnh đại diện và các route đang hoạt động.
BR-049: Hệ thống phải hiển thị ảnh, mô tả, vị trí, tiện ích, chính sách, các zone, route, Trip có status = published sắp khởi hành, thời tiết và đánh giá."
CTMS-19,[CTMS-19] Create Trekking Route on Map,Tạo trekking route trên bản đồ,Sprint 2,Committed,/file/spec/ctms-19-create-trekking-route-on-map.md,"BR-202, BR-204, BR-205, BR-230, BR-231, BR-242, BR-243, BR-244, BR-210, BR-211, BR-218, BR-219, BR-050, BR-051","BR-202: Tài khoản pending_verification, suspended hoặc deleted không được sử dụng chức năng yêu cầu tài khoản hoạt động, trừ flow xác minh hoặc khôi phục được cho phép.
BR-204: Người dùng chỉ được xem hoặc thay đổi dữ liệu thuộc sở hữu của mình, trừ khi vai trò và quan hệ nghiệp vụ cho phép truy cập dữ liệu của người khác.
BR-205: Mọi dữ liệu đầu vào phải được kiểm tra trường bắt buộc, kiểu dữ liệu, định dạng, độ dài, enum và quan hệ giữa các trường trước khi xử lý.
BR-230: Retry dịch vụ bên ngoài phải có giới hạn và backoff; retry không được tạo bản ghi hoặc giao dịch trùng.
BR-231: API phải trả mã lỗi nhất quán: 401 cho lỗi xác thực, 403 cho thiếu quyền, 404 khi không tìm thấy, 409 cho xung đột nghiệp vụ và 422 cho dữ liệu không hợp lệ.
BR-242: Khi backend từ chối do dữ liệu thay đổi đồng thời, UI phải giữ dữ liệu đã nhập, hiển thị lý do và cho phép tải lại hoặc thực hiện lại.
BR-243: Trường hợp thiếu quyền hoặc không thỏa điều kiện nghiệp vụ không được tạo bất kỳ side effect nào.
BR-244: Thay đổi Business Rule, enum, state transition hoặc API contract phải được cập nhật đồng thời trong Spec, test case và tài liệu dữ liệu trước khi Done.
BR-210: Khi nhiều yêu cầu đồng thời thay đổi cùng tài nguyên, hệ thống phải dùng transaction, locking hoặc version control để ngăn ghi đè và vượt giới hạn nghiệp vụ.
BR-211: Mọi tài nguyên có trạng thái phải tuân thủ state transition đã định nghĩa và không được sử dụng giá trị ngoài enum database.
BR-218: Quyền truy cập dữ liệu sức khỏe phải dựa trên consent và quan hệ với Trip; khi thu hồi consent, quyền truy cập phải chấm dứt ngay.
BR-219: Mọi thời gian phải được lưu dưới dạng timestamptz và hiển thị theo múi giờ người dùng hoặc địa điểm được cấu hình.
BR-050: Không hiển thị slot vì hệ thống quản lý bãi theo zone.
BR-051: Hệ thống phải cho phép vẽ tuyến hoặc nhập GPX/GeoJSON."
CTMS-20,[CTMS-20] Create Checkpoint on Route,Tạo checkpoint trên route,Sprint 2,Committed,/file/spec/ctms-20-create-checkpoint-on-route.md,"BR-202, BR-204, BR-205, BR-230, BR-231, BR-242, BR-243, BR-244, BR-218, BR-219, BR-052","BR-202: Tài khoản pending_verification, suspended hoặc deleted không được sử dụng chức năng yêu cầu tài khoản hoạt động, trừ flow xác minh hoặc khôi phục được cho phép.
BR-204: Người dùng chỉ được xem hoặc thay đổi dữ liệu thuộc sở hữu của mình, trừ khi vai trò và quan hệ nghiệp vụ cho phép truy cập dữ liệu của người khác.
BR-205: Mọi dữ liệu đầu vào phải được kiểm tra trường bắt buộc, kiểu dữ liệu, định dạng, độ dài, enum và quan hệ giữa các trường trước khi xử lý.
BR-230: Retry dịch vụ bên ngoài phải có giới hạn và backoff; retry không được tạo bản ghi hoặc giao dịch trùng.
BR-231: API phải trả mã lỗi nhất quán: 401 cho lỗi xác thực, 403 cho thiếu quyền, 404 khi không tìm thấy, 409 cho xung đột nghiệp vụ và 422 cho dữ liệu không hợp lệ.
BR-242: Khi backend từ chối do dữ liệu thay đổi đồng thời, UI phải giữ dữ liệu đã nhập, hiển thị lý do và cho phép tải lại hoặc thực hiện lại.
BR-243: Trường hợp thiếu quyền hoặc không thỏa điều kiện nghiệp vụ không được tạo bất kỳ side effect nào.
BR-244: Thay đổi Business Rule, enum, state transition hoặc API contract phải được cập nhật đồng thời trong Spec, test case và tài liệu dữ liệu trước khi Done.
BR-218: Quyền truy cập dữ liệu sức khỏe phải dựa trên consent và quan hệ với Trip; khi thu hồi consent, quyền truy cập phải chấm dứt ngay.
BR-219: Mọi thời gian phải được lưu dưới dạng timestamptz và hiển thị theo múi giờ người dùng hoặc địa điểm được cấu hình.
BR-052: Hệ thống phải lưu độ dài, độ khó, thời gian dự kiến và trạng thái."
CTMS-21,[CTMS-21] Close or Open Route when Conditions Change,Đóng hoặc mở route khi điều kiện thay đổi,Sprint 2,Stretch,/file/spec/ctms-21-close-or-open-route-when-conditions-change.md,"BR-202, BR-204, BR-205, BR-230, BR-231, BR-242, BR-243, BR-244, BR-200, BR-201, BR-214, BR-215, BR-220, BR-210, BR-211, BR-225, BR-226, BR-053, BR-054","BR-202: Tài khoản pending_verification, suspended hoặc deleted không được sử dụng chức năng yêu cầu tài khoản hoạt động, trừ flow xác minh hoặc khôi phục được cho phép.
BR-204: Người dùng chỉ được xem hoặc thay đổi dữ liệu thuộc sở hữu của mình, trừ khi vai trò và quan hệ nghiệp vụ cho phép truy cập dữ liệu của người khác.
BR-205: Mọi dữ liệu đầu vào phải được kiểm tra trường bắt buộc, kiểu dữ liệu, định dạng, độ dài, enum và quan hệ giữa các trường trước khi xử lý.
BR-230: Retry dịch vụ bên ngoài phải có giới hạn và backoff; retry không được tạo bản ghi hoặc giao dịch trùng.
BR-231: API phải trả mã lỗi nhất quán: 401 cho lỗi xác thực, 403 cho thiếu quyền, 404 khi không tìm thấy, 409 cho xung đột nghiệp vụ và 422 cho dữ liệu không hợp lệ.
BR-242: Khi backend từ chối do dữ liệu thay đổi đồng thời, UI phải giữ dữ liệu đã nhập, hiển thị lý do và cho phép tải lại hoặc thực hiện lại.
BR-243: Trường hợp thiếu quyền hoặc không thỏa điều kiện nghiệp vụ không được tạo bất kỳ side effect nào.
BR-244: Thay đổi Business Rule, enum, state transition hoặc API contract phải được cập nhật đồng thời trong Spec, test case và tài liệu dữ liệu trước khi Done.
BR-200: Mọi thay đổi được ghi audit log.
BR-201: Mọi chức năng yêu cầu xác thực chỉ được thực hiện khi người dùng có phiên đăng nhập hợp lệ và tài khoản đang ở trạng thái active.
BR-214: Mọi quan hệ dữ liệu phải tham chiếu tới bản ghi tồn tại và hợp lệ; không tạo bản ghi con cho tài nguyên không thuộc đúng phạm vi nghiệp vụ.
BR-215: Email phải được chuẩn hóa trước khi so sánh và lưu; số điện thoại phải được chuẩn hóa theo định dạng thống nhất, ưu tiên E.164.
BR-220: Khoảng thời gian hợp lệ phải có thời điểm bắt đầu nhỏ hơn thời điểm kết thúc, trừ trường hợp nghiệp vụ quy định rõ có thể bằng nhau.
BR-210: Khi nhiều yêu cầu đồng thời thay đổi cùng tài nguyên, hệ thống phải dùng transaction, locking hoặc version control để ngăn ghi đè và vượt giới hạn nghiệp vụ.
BR-211: Mọi tài nguyên có trạng thái phải tuân thủ state transition đã định nghĩa và không được sử dụng giá trị ngoài enum database.
BR-225: Hành động tự động phải ghi actor_id = NULL hoặc system actor và có lý do thực hiện rõ ràng.
BR-226: Notification chỉ được phát sau khi thay đổi nghiệp vụ thành công; gửi notification thất bại không được làm mất kết quả giao dịch chính.
BR-053: Checkpoint có tọa độ, bán kính, loại, thời gian dự kiến và hướng dẫn.
BR-054: Route có status = closed không nhận đăng ký hoặc tạo Trip mới."
CTMS-22,[CTMS-22] Approve Route,Phê duyệt route,Sprint 2,Committed,/file/spec/ctms-22-approve-route.md,"BR-202, BR-204, BR-205, BR-230, BR-231, BR-242, BR-243, BR-244, BR-210, BR-211, BR-221, BR-222, BR-223, BR-224, BR-225, BR-226, BR-055, BR-056, BR-057, BR-058","BR-202: Tài khoản pending_verification, suspended hoặc deleted không được sử dụng chức năng yêu cầu tài khoản hoạt động, trừ flow xác minh hoặc khôi phục được cho phép.
BR-204: Người dùng chỉ được xem hoặc thay đổi dữ liệu thuộc sở hữu của mình, trừ khi vai trò và quan hệ nghiệp vụ cho phép truy cập dữ liệu của người khác.
BR-205: Mọi dữ liệu đầu vào phải được kiểm tra trường bắt buộc, kiểu dữ liệu, định dạng, độ dài, enum và quan hệ giữa các trường trước khi xử lý.
BR-230: Retry dịch vụ bên ngoài phải có giới hạn và backoff; retry không được tạo bản ghi hoặc giao dịch trùng.
BR-231: API phải trả mã lỗi nhất quán: 401 cho lỗi xác thực, 403 cho thiếu quyền, 404 khi không tìm thấy, 409 cho xung đột nghiệp vụ và 422 cho dữ liệu không hợp lệ.
BR-242: Khi backend từ chối do dữ liệu thay đổi đồng thời, UI phải giữ dữ liệu đã nhập, hiển thị lý do và cho phép tải lại hoặc thực hiện lại.
BR-243: Trường hợp thiếu quyền hoặc không thỏa điều kiện nghiệp vụ không được tạo bất kỳ side effect nào.
BR-244: Thay đổi Business Rule, enum, state transition hoặc API contract phải được cập nhật đồng thời trong Spec, test case và tài liệu dữ liệu trước khi Done.
BR-210: Khi nhiều yêu cầu đồng thời thay đổi cùng tài nguyên, hệ thống phải dùng transaction, locking hoặc version control để ngăn ghi đè và vượt giới hạn nghiệp vụ.
BR-211: Mọi tài nguyên có trạng thái phải tuân thủ state transition đã định nghĩa và không được sử dụng giá trị ngoài enum database.
BR-221: OTP TTL, token TTL, số lần thử, rate limit, thời gian giữ booking và thời hạn retry phải được cấu hình, không hard-code trong logic.
BR-222: Hành động quan trọng phải được ghi audit log với actor, action, target, timestamp, dữ liệu trước và sau hoặc lý do thay đổi.
BR-223: Audit log là append-only; người dùng và Admin không được sửa hoặc xóa audit log qua chức năng nghiệp vụ thông thường.
BR-224: Audit log không được chứa mật khẩu, OTP, token, dữ liệu thanh toán nhạy cảm hoặc dữ liệu sức khỏe không cần thiết.
BR-225: Hành động tự động phải ghi actor_id = NULL hoặc system actor và có lý do thực hiện rõ ràng.
BR-226: Notification chỉ được phát sau khi thay đổi nghiệp vụ thành công; gửi notification thất bại không được làm mất kết quả giao dịch chính.
BR-055: Camper và Porter liên quan nhận thông báo.
BR-056: Route có status = draft hoặc pending_approval được kiểm tra dữ liệu hình học, độ khó và checkpoint.
BR-057: Duyệt thành công chuyển status = active. Nếu không duyệt, chuyển về draft để Host chỉnh sửa.
BR-058: Trường hợp route không được phép hoạt động thì chuyển status = closed. Lý do được lưu trong audit_logs/notifications."
CTMS-23,[CTMS-23] Mark Danger Zones and Shelters,Đánh dấu vùng nguy hiểm và nơi trú ẩn,Sprint 2,Committed,/file/spec/ctms-23-mark-danger-zones-and-shelters.md,"BR-202, BR-204, BR-205, BR-230, BR-231, BR-242, BR-243, BR-244, BR-238, BR-239, BR-059, BR-060, BR-061","BR-202: Tài khoản pending_verification, suspended hoặc deleted không được sử dụng chức năng yêu cầu tài khoản hoạt động, trừ flow xác minh hoặc khôi phục được cho phép.
BR-204: Người dùng chỉ được xem hoặc thay đổi dữ liệu thuộc sở hữu của mình, trừ khi vai trò và quan hệ nghiệp vụ cho phép truy cập dữ liệu của người khác.
BR-205: Mọi dữ liệu đầu vào phải được kiểm tra trường bắt buộc, kiểu dữ liệu, định dạng, độ dài, enum và quan hệ giữa các trường trước khi xử lý.
BR-230: Retry dịch vụ bên ngoài phải có giới hạn và backoff; retry không được tạo bản ghi hoặc giao dịch trùng.
BR-231: API phải trả mã lỗi nhất quán: 401 cho lỗi xác thực, 403 cho thiếu quyền, 404 khi không tìm thấy, 409 cho xung đột nghiệp vụ và 422 cho dữ liệu không hợp lệ.
BR-242: Khi backend từ chối do dữ liệu thay đổi đồng thời, UI phải giữ dữ liệu đã nhập, hiển thị lý do và cho phép tải lại hoặc thực hiện lại.
BR-243: Trường hợp thiếu quyền hoặc không thỏa điều kiện nghiệp vụ không được tạo bất kỳ side effect nào.
BR-244: Thay đổi Business Rule, enum, state transition hoặc API contract phải được cập nhật đồng thời trong Spec, test case và tài liệu dữ liệu trước khi Done.
BR-238: Background job phải có khả năng chạy lại an toàn; cùng bản ghi không được hết hạn, hủy, hoàn tiền hoặc thông báo nhiều lần bởi nhiều worker.
BR-239: Dữ liệu offline phải có định danh yêu cầu hoặc idempotency_key; cùng một lô đồng bộ không được tạo dữ liệu trùng khi gửi lại.
BR-059: Không sử dụng status rejected.
BR-060: Các điểm được hiển thị trên bản đồ.
BR-061: Được đưa vào offline package."
CTMS-24,[CTMS-24] View Route Information Before Joining,Xem thông tin route trước khi tham gia,Sprint 2,Stretch,/file/spec/ctms-24-view-route-information-before-joining.md,"BR-202, BR-204, BR-205, BR-230, BR-231, BR-242, BR-243, BR-244, BR-210, BR-211, BR-232, BR-233, BR-062, BR-063","BR-202: Tài khoản pending_verification, suspended hoặc deleted không được sử dụng chức năng yêu cầu tài khoản hoạt động, trừ flow xác minh hoặc khôi phục được cho phép.
BR-204: Người dùng chỉ được xem hoặc thay đổi dữ liệu thuộc sở hữu của mình, trừ khi vai trò và quan hệ nghiệp vụ cho phép truy cập dữ liệu của người khác.
BR-205: Mọi dữ liệu đầu vào phải được kiểm tra trường bắt buộc, kiểu dữ liệu, định dạng, độ dài, enum và quan hệ giữa các trường trước khi xử lý.
BR-230: Retry dịch vụ bên ngoài phải có giới hạn và backoff; retry không được tạo bản ghi hoặc giao dịch trùng.
BR-231: API phải trả mã lỗi nhất quán: 401 cho lỗi xác thực, 403 cho thiếu quyền, 404 khi không tìm thấy, 409 cho xung đột nghiệp vụ và 422 cho dữ liệu không hợp lệ.
BR-242: Khi backend từ chối do dữ liệu thay đổi đồng thời, UI phải giữ dữ liệu đã nhập, hiển thị lý do và cho phép tải lại hoặc thực hiện lại.
BR-243: Trường hợp thiếu quyền hoặc không thỏa điều kiện nghiệp vụ không được tạo bất kỳ side effect nào.
BR-244: Thay đổi Business Rule, enum, state transition hoặc API contract phải được cập nhật đồng thời trong Spec, test case và tài liệu dữ liệu trước khi Done.
BR-210: Khi nhiều yêu cầu đồng thời thay đổi cùng tài nguyên, hệ thống phải dùng transaction, locking hoặc version control để ngăn ghi đè và vượt giới hạn nghiệp vụ.
BR-211: Mọi tài nguyên có trạng thái phải tuân thủ state transition đã định nghĩa và không được sử dụng giá trị ngoài enum database.
BR-232: Thông báo lỗi phải rõ ràng, có thể hành động và không tiết lộ stack trace, dữ liệu bí mật hoặc tài nguyên người dùng không có quyền xem.
BR-233: API trả danh sách phải hỗ trợ phân trang và giới hạn số bản ghi; chỉ cho phép lọc và sắp xếp trên các trường được công bố.
BR-062: Có mô tả an toàn.
BR-063: Hệ thống phải hiển thị độ dài, độ cao, độ khó, thời lượng, checkpoint, vùng nguy hiểm, nơi có nước hoặc trú ẩn và trạng thái route."
CTMS-25,[CTMS-25] Fetch Weather Data for Trekking Area,Lấy dữ liệu thời tiết cho khu vực trekking,Sprint 2,Committed,/file/spec/ctms-25-fetch-weather-data-for-trekking-area.md,"BR-202, BR-204, BR-205, BR-230, BR-231, BR-242, BR-243, BR-244, BR-228, BR-229, BR-064, BR-065","BR-202: Tài khoản pending_verification, suspended hoặc deleted không được sử dụng chức năng yêu cầu tài khoản hoạt động, trừ flow xác minh hoặc khôi phục được cho phép.
BR-204: Người dùng chỉ được xem hoặc thay đổi dữ liệu thuộc sở hữu của mình, trừ khi vai trò và quan hệ nghiệp vụ cho phép truy cập dữ liệu của người khác.
BR-205: Mọi dữ liệu đầu vào phải được kiểm tra trường bắt buộc, kiểu dữ liệu, định dạng, độ dài, enum và quan hệ giữa các trường trước khi xử lý.
BR-230: Retry dịch vụ bên ngoài phải có giới hạn và backoff; retry không được tạo bản ghi hoặc giao dịch trùng.
BR-231: API phải trả mã lỗi nhất quán: 401 cho lỗi xác thực, 403 cho thiếu quyền, 404 khi không tìm thấy, 409 cho xung đột nghiệp vụ và 422 cho dữ liệu không hợp lệ.
BR-242: Khi backend từ chối do dữ liệu thay đổi đồng thời, UI phải giữ dữ liệu đã nhập, hiển thị lý do và cho phép tải lại hoặc thực hiện lại.
BR-243: Trường hợp thiếu quyền hoặc không thỏa điều kiện nghiệp vụ không được tạo bất kỳ side effect nào.
BR-244: Thay đổi Business Rule, enum, state transition hoặc API contract phải được cập nhật đồng thời trong Spec, test case và tài liệu dữ liệu trước khi Done.
BR-228: Người dùng có thể tắt thông báo thông thường, nhưng cảnh báo an toàn hoặc khẩn cấp bắt buộc không được vô hiệu hóa khi đang tham gia Trip liên quan.
BR-229: Khi dịch vụ bên ngoài timeout hoặc trả dữ liệu thiếu, hệ thống phải ghi nhận lỗi, không giả định thành công và không tạo dữ liệu không thể xác minh.
BR-064: Weather Risk được hiển thị khi đã có đánh giá.
BR-065: Hệ thống phải lưu mưa, gió, nhiệt độ, tầm nhìn, dông và timestamp."
CTMS-26,[CTMS-26] Calculate Weather Risk Score by Multiple Criteria,Tính Weather Risk Score theo nhiều tiêu chí,Sprint 2,Committed,/file/spec/ctms-26-calculate-weather-risk-score-by-multiple-criteria.md,"BR-202, BR-204, BR-205, BR-230, BR-231, BR-242, BR-243, BR-244, BR-066, BR-067, BR-068","BR-202: Tài khoản pending_verification, suspended hoặc deleted không được sử dụng chức năng yêu cầu tài khoản hoạt động, trừ flow xác minh hoặc khôi phục được cho phép.
BR-204: Người dùng chỉ được xem hoặc thay đổi dữ liệu thuộc sở hữu của mình, trừ khi vai trò và quan hệ nghiệp vụ cho phép truy cập dữ liệu của người khác.
BR-205: Mọi dữ liệu đầu vào phải được kiểm tra trường bắt buộc, kiểu dữ liệu, định dạng, độ dài, enum và quan hệ giữa các trường trước khi xử lý.
BR-230: Retry dịch vụ bên ngoài phải có giới hạn và backoff; retry không được tạo bản ghi hoặc giao dịch trùng.
BR-231: API phải trả mã lỗi nhất quán: 401 cho lỗi xác thực, 403 cho thiếu quyền, 404 khi không tìm thấy, 409 cho xung đột nghiệp vụ và 422 cho dữ liệu không hợp lệ.
BR-242: Khi backend từ chối do dữ liệu thay đổi đồng thời, UI phải giữ dữ liệu đã nhập, hiển thị lý do và cho phép tải lại hoặc thực hiện lại.
BR-243: Trường hợp thiếu quyền hoặc không thỏa điều kiện nghiệp vụ không được tạo bất kỳ side effect nào.
BR-244: Thay đổi Business Rule, enum, state transition hoặc API contract phải được cập nhật đồng thời trong Spec, test case và tài liệu dữ liệu trước khi Done.
BR-066: Xử lý API timeout hoặc dữ liệu thiếu.
BR-067: Hệ thống phải tính điểm từ rule và trọng số.
BR-068: Phân loại Green, Yellow, Red."
CTMS-27,[CTMS-27] Explain Risk Level Reasons,Biết nguyên nhân của mức rủi ro,Sprint 2,Committed,/file/spec/ctms-27-explain-risk-level-reasons.md,"BR-202, BR-204, BR-205, BR-230, BR-231, BR-242, BR-243, BR-244, BR-069, BR-070","BR-202: Tài khoản pending_verification, suspended hoặc deleted không được sử dụng chức năng yêu cầu tài khoản hoạt động, trừ flow xác minh hoặc khôi phục được cho phép.
BR-204: Người dùng chỉ được xem hoặc thay đổi dữ liệu thuộc sở hữu của mình, trừ khi vai trò và quan hệ nghiệp vụ cho phép truy cập dữ liệu của người khác.
BR-205: Mọi dữ liệu đầu vào phải được kiểm tra trường bắt buộc, kiểu dữ liệu, định dạng, độ dài, enum và quan hệ giữa các trường trước khi xử lý.
BR-230: Retry dịch vụ bên ngoài phải có giới hạn và backoff; retry không được tạo bản ghi hoặc giao dịch trùng.
BR-231: API phải trả mã lỗi nhất quán: 401 cho lỗi xác thực, 403 cho thiếu quyền, 404 khi không tìm thấy, 409 cho xung đột nghiệp vụ và 422 cho dữ liệu không hợp lệ.
BR-242: Khi backend từ chối do dữ liệu thay đổi đồng thời, UI phải giữ dữ liệu đã nhập, hiển thị lý do và cho phép tải lại hoặc thực hiện lại.
BR-243: Trường hợp thiếu quyền hoặc không thỏa điều kiện nghiệp vụ không được tạo bất kỳ side effect nào.
BR-244: Thay đổi Business Rule, enum, state transition hoặc API contract phải được cập nhật đồng thời trong Spec, test case và tài liệu dữ liệu trước khi Done.
BR-069: Kết quả có thể tái lập.
BR-070: Hệ thống phải hiển thị tiêu chí vượt ngưỡng."
CTMS-28,[CTMS-28] Block New Registration when Route is Red,Chặn đăng ký mới khi route ở mức Red,Sprint 2,Committed,/file/spec/ctms-28-block-new-registration-when-route-is-red.md,"BR-202, BR-204, BR-205, BR-230, BR-231, BR-242, BR-243, BR-244, BR-200, BR-201, BR-214, BR-215, BR-220, BR-206, BR-207, BR-209, BR-071, BR-072, BR-073","BR-202: Tài khoản pending_verification, suspended hoặc deleted không được sử dụng chức năng yêu cầu tài khoản hoạt động, trừ flow xác minh hoặc khôi phục được cho phép.
BR-204: Người dùng chỉ được xem hoặc thay đổi dữ liệu thuộc sở hữu của mình, trừ khi vai trò và quan hệ nghiệp vụ cho phép truy cập dữ liệu của người khác.
BR-205: Mọi dữ liệu đầu vào phải được kiểm tra trường bắt buộc, kiểu dữ liệu, định dạng, độ dài, enum và quan hệ giữa các trường trước khi xử lý.
BR-230: Retry dịch vụ bên ngoài phải có giới hạn và backoff; retry không được tạo bản ghi hoặc giao dịch trùng.
BR-231: API phải trả mã lỗi nhất quán: 401 cho lỗi xác thực, 403 cho thiếu quyền, 404 khi không tìm thấy, 409 cho xung đột nghiệp vụ và 422 cho dữ liệu không hợp lệ.
BR-242: Khi backend từ chối do dữ liệu thay đổi đồng thời, UI phải giữ dữ liệu đã nhập, hiển thị lý do và cho phép tải lại hoặc thực hiện lại.
BR-243: Trường hợp thiếu quyền hoặc không thỏa điều kiện nghiệp vụ không được tạo bất kỳ side effect nào.
BR-244: Thay đổi Business Rule, enum, state transition hoặc API contract phải được cập nhật đồng thời trong Spec, test case và tài liệu dữ liệu trước khi Done.
BR-200: Mọi thay đổi được ghi audit log.
BR-201: Mọi chức năng yêu cầu xác thực chỉ được thực hiện khi người dùng có phiên đăng nhập hợp lệ và tài khoản đang ở trạng thái active.
BR-214: Mọi quan hệ dữ liệu phải tham chiếu tới bản ghi tồn tại và hợp lệ; không tạo bản ghi con cho tài nguyên không thuộc đúng phạm vi nghiệp vụ.
BR-215: Email phải được chuẩn hóa trước khi so sánh và lưu; số điện thoại phải được chuẩn hóa theo định dạng thống nhất, ưu tiên E.164.
BR-220: Khoảng thời gian hợp lệ phải có thời điểm bắt đầu nhỏ hơn thời điểm kết thúc, trừ trường hợp nghiệp vụ quy định rõ có thể bằng nhau.
BR-206: Backend là nguồn quyết định cuối cùng đối với quyền, trạng thái, giá, sức chứa, tồn kho, mức rủi ro và kết quả giao dịch; client không được tự xác lập các giá trị này.
BR-207: Mọi thay đổi liên quan đến nhiều bảng hoặc nhiều bản ghi phải thực hiện trong một transaction; một bước thất bại thì toàn bộ nghiệp vụ phải rollback.
BR-209: Các thao tác có khả năng được gửi lại như thanh toán, hoàn tiền, callback và đồng bộ phải hỗ trợ idempotency để một yêu cầu không được xử lý thành công nhiều lần.
BR-071: Không chỉ hiển thị màu hoặc tổng điểm.
BR-072: Không tạo booking mới cho Trip/route có mức Red.
BR-073: Hệ thống phải hiển thị lý do và thời điểm đánh giá."
CTMS-29,[CTMS-29] Use LLM to Explain Weather Risk as Clear Advice,LLM diễn giải Weather Risk thành lời khuyên rõ ràng,Sprint 2,Committed,/file/spec/ctms-29-use-llm-to-explain-weather-risk-as-clear-advice.md,"BR-202, BR-204, BR-205, BR-230, BR-231, BR-242, BR-243, BR-244, BR-228, BR-229, BR-074, BR-075, BR-076","BR-202: Tài khoản pending_verification, suspended hoặc deleted không được sử dụng chức năng yêu cầu tài khoản hoạt động, trừ flow xác minh hoặc khôi phục được cho phép.
BR-204: Người dùng chỉ được xem hoặc thay đổi dữ liệu thuộc sở hữu của mình, trừ khi vai trò và quan hệ nghiệp vụ cho phép truy cập dữ liệu của người khác.
BR-205: Mọi dữ liệu đầu vào phải được kiểm tra trường bắt buộc, kiểu dữ liệu, định dạng, độ dài, enum và quan hệ giữa các trường trước khi xử lý.
BR-230: Retry dịch vụ bên ngoài phải có giới hạn và backoff; retry không được tạo bản ghi hoặc giao dịch trùng.
BR-231: API phải trả mã lỗi nhất quán: 401 cho lỗi xác thực, 403 cho thiếu quyền, 404 khi không tìm thấy, 409 cho xung đột nghiệp vụ và 422 cho dữ liệu không hợp lệ.
BR-242: Khi backend từ chối do dữ liệu thay đổi đồng thời, UI phải giữ dữ liệu đã nhập, hiển thị lý do và cho phép tải lại hoặc thực hiện lại.
BR-243: Trường hợp thiếu quyền hoặc không thỏa điều kiện nghiệp vụ không được tạo bất kỳ side effect nào.
BR-244: Thay đổi Business Rule, enum, state transition hoặc API contract phải được cập nhật đồng thời trong Spec, test case và tài liệu dữ liệu trước khi Done.
BR-228: Người dùng có thể tắt thông báo thông thường, nhưng cảnh báo an toàn hoặc khẩn cấp bắt buộc không được vô hiệu hóa khi đang tham gia Trip liên quan.
BR-229: Khi dịch vụ bên ngoài timeout hoặc trả dữ liệu thiếu, hệ thống phải ghi nhận lỗi, không giả định thành công và không tạo dữ liệu không thể xác minh.
BR-074: Không tạo Trip Member vì hệ thống sử dụng bookings và booking_members.
BR-075: LLM chỉ diễn giải dữ liệu đầu vào.
BR-076: Không tự sửa risk score."
CTMS-30,[CTMS-30] Configure Weather Risk Rules,Cấu hình Weather Risk rules,Sprint 2,Stretch,/file/spec/ctms-30-configure-weather-risk-rules.md,"BR-202, BR-204, BR-205, BR-230, BR-231, BR-242, BR-243, BR-244, BR-200, BR-201, BR-214, BR-215, BR-220, BR-210, BR-211, BR-221, BR-222, BR-223, BR-224, BR-077, BR-078, BR-079","BR-202: Tài khoản pending_verification, suspended hoặc deleted không được sử dụng chức năng yêu cầu tài khoản hoạt động, trừ flow xác minh hoặc khôi phục được cho phép.
BR-204: Người dùng chỉ được xem hoặc thay đổi dữ liệu thuộc sở hữu của mình, trừ khi vai trò và quan hệ nghiệp vụ cho phép truy cập dữ liệu của người khác.
BR-205: Mọi dữ liệu đầu vào phải được kiểm tra trường bắt buộc, kiểu dữ liệu, định dạng, độ dài, enum và quan hệ giữa các trường trước khi xử lý.
BR-230: Retry dịch vụ bên ngoài phải có giới hạn và backoff; retry không được tạo bản ghi hoặc giao dịch trùng.
BR-231: API phải trả mã lỗi nhất quán: 401 cho lỗi xác thực, 403 cho thiếu quyền, 404 khi không tìm thấy, 409 cho xung đột nghiệp vụ và 422 cho dữ liệu không hợp lệ.
BR-242: Khi backend từ chối do dữ liệu thay đổi đồng thời, UI phải giữ dữ liệu đã nhập, hiển thị lý do và cho phép tải lại hoặc thực hiện lại.
BR-243: Trường hợp thiếu quyền hoặc không thỏa điều kiện nghiệp vụ không được tạo bất kỳ side effect nào.
BR-244: Thay đổi Business Rule, enum, state transition hoặc API contract phải được cập nhật đồng thời trong Spec, test case và tài liệu dữ liệu trước khi Done.
BR-200: Mọi thay đổi được ghi audit log.
BR-201: Mọi chức năng yêu cầu xác thực chỉ được thực hiện khi người dùng có phiên đăng nhập hợp lệ và tài khoản đang ở trạng thái active.
BR-214: Mọi quan hệ dữ liệu phải tham chiếu tới bản ghi tồn tại và hợp lệ; không tạo bản ghi con cho tài nguyên không thuộc đúng phạm vi nghiệp vụ.
BR-215: Email phải được chuẩn hóa trước khi so sánh và lưu; số điện thoại phải được chuẩn hóa theo định dạng thống nhất, ưu tiên E.164.
BR-220: Khoảng thời gian hợp lệ phải có thời điểm bắt đầu nhỏ hơn thời điểm kết thúc, trừ trường hợp nghiệp vụ quy định rõ có thể bằng nhau.
BR-210: Khi nhiều yêu cầu đồng thời thay đổi cùng tài nguyên, hệ thống phải dùng transaction, locking hoặc version control để ngăn ghi đè và vượt giới hạn nghiệp vụ.
BR-211: Mọi tài nguyên có trạng thái phải tuân thủ state transition đã định nghĩa và không được sử dụng giá trị ngoài enum database.
BR-221: OTP TTL, token TTL, số lần thử, rate limit, thời gian giữ booking và thời hạn retry phải được cấu hình, không hard-code trong logic.
BR-222: Hành động quan trọng phải được ghi audit log với actor, action, target, timestamp, dữ liệu trước và sau hoặc lý do thay đổi.
BR-223: Audit log là append-only; người dùng và Admin không được sửa hoặc xóa audit log qua chức năng nghiệp vụ thông thường.
BR-224: Audit log không được chứa mật khẩu, OTP, token, dữ liệu thanh toán nhạy cảm hoặc dữ liệu sức khỏe không cần thiết.
BR-077: Câu trả lời có hành động cụ thể.
BR-078: Hệ thống phải lưu weights, thresholds, version và trạng thái is_active.
BR-079: Chỉ một phiên bản phù hợp được sử dụng tại một thời điểm."
CTMS-31,[CTMS-31] Check Zone Capacity by Date,Kiểm tra sức chứa zone theo ngày,Sprint 3,Stretch,/file/spec/ctms-31-check-zone-capacity-by-date.md,"BR-202, BR-204, BR-205, BR-230, BR-231, BR-242, BR-243, BR-244, BR-210, BR-211, BR-206, BR-207, BR-209, BR-218, BR-219, BR-080, BR-081, BR-082","BR-202: Tài khoản pending_verification, suspended hoặc deleted không được sử dụng chức năng yêu cầu tài khoản hoạt động, trừ flow xác minh hoặc khôi phục được cho phép.
BR-204: Người dùng chỉ được xem hoặc thay đổi dữ liệu thuộc sở hữu của mình, trừ khi vai trò và quan hệ nghiệp vụ cho phép truy cập dữ liệu của người khác.
BR-205: Mọi dữ liệu đầu vào phải được kiểm tra trường bắt buộc, kiểu dữ liệu, định dạng, độ dài, enum và quan hệ giữa các trường trước khi xử lý.
BR-230: Retry dịch vụ bên ngoài phải có giới hạn và backoff; retry không được tạo bản ghi hoặc giao dịch trùng.
BR-231: API phải trả mã lỗi nhất quán: 401 cho lỗi xác thực, 403 cho thiếu quyền, 404 khi không tìm thấy, 409 cho xung đột nghiệp vụ và 422 cho dữ liệu không hợp lệ.
BR-242: Khi backend từ chối do dữ liệu thay đổi đồng thời, UI phải giữ dữ liệu đã nhập, hiển thị lý do và cho phép tải lại hoặc thực hiện lại.
BR-243: Trường hợp thiếu quyền hoặc không thỏa điều kiện nghiệp vụ không được tạo bất kỳ side effect nào.
BR-244: Thay đổi Business Rule, enum, state transition hoặc API contract phải được cập nhật đồng thời trong Spec, test case và tài liệu dữ liệu trước khi Done.
BR-210: Khi nhiều yêu cầu đồng thời thay đổi cùng tài nguyên, hệ thống phải dùng transaction, locking hoặc version control để ngăn ghi đè và vượt giới hạn nghiệp vụ.
BR-211: Mọi tài nguyên có trạng thái phải tuân thủ state transition đã định nghĩa và không được sử dụng giá trị ngoài enum database.
BR-206: Backend là nguồn quyết định cuối cùng đối với quyền, trạng thái, giá, sức chứa, tồn kho, mức rủi ro và kết quả giao dịch; client không được tự xác lập các giá trị này.
BR-207: Mọi thay đổi liên quan đến nhiều bảng hoặc nhiều bản ghi phải thực hiện trong một transaction; một bước thất bại thì toàn bộ nghiệp vụ phải rollback.
BR-209: Các thao tác có khả năng được gửi lại như thanh toán, hoàn tiền, callback và đồng bộ phải hỗ trợ idempotency để một yêu cầu không được xử lý thành công nhiều lần.
BR-218: Quyền truy cập dữ liệu sức khỏe phải dựa trên consent và quan hệ với Trip; khi thu hồi consent, quyền truy cập phải chấm dứt ngay.
BR-219: Mọi thời gian phải được lưu dưới dạng timestamptz và hiển thị theo múi giờ người dùng hoặc địa điểm được cấu hình.
BR-080: Thay đổi được ghi audit log.
BR-081: Không hiển thị zone có status IN (closed, archived) hoặc nằm trong campsite_closures.
BR-082: Hệ thống phải tính tổng tents_needed và tổng capacity_max của các Trip còn hiệu lực theo zone_id và stay_date."
CTMS-32,[CTMS-32] Create Trip,Tạo Trip,Sprint 3,Committed,/file/spec/ctms-32-create-trip.md,"BR-202, BR-204, BR-205, BR-230, BR-231, BR-242, BR-243, BR-244, BR-210, BR-211, BR-206, BR-207, BR-209, BR-218, BR-219, BR-083, BR-084, BR-085","BR-202: Tài khoản pending_verification, suspended hoặc deleted không được sử dụng chức năng yêu cầu tài khoản hoạt động, trừ flow xác minh hoặc khôi phục được cho phép.
BR-204: Người dùng chỉ được xem hoặc thay đổi dữ liệu thuộc sở hữu của mình, trừ khi vai trò và quan hệ nghiệp vụ cho phép truy cập dữ liệu của người khác.
BR-205: Mọi dữ liệu đầu vào phải được kiểm tra trường bắt buộc, kiểu dữ liệu, định dạng, độ dài, enum và quan hệ giữa các trường trước khi xử lý.
BR-230: Retry dịch vụ bên ngoài phải có giới hạn và backoff; retry không được tạo bản ghi hoặc giao dịch trùng.
BR-231: API phải trả mã lỗi nhất quán: 401 cho lỗi xác thực, 403 cho thiếu quyền, 404 khi không tìm thấy, 409 cho xung đột nghiệp vụ và 422 cho dữ liệu không hợp lệ.
BR-242: Khi backend từ chối do dữ liệu thay đổi đồng thời, UI phải giữ dữ liệu đã nhập, hiển thị lý do và cho phép tải lại hoặc thực hiện lại.
BR-243: Trường hợp thiếu quyền hoặc không thỏa điều kiện nghiệp vụ không được tạo bất kỳ side effect nào.
BR-244: Thay đổi Business Rule, enum, state transition hoặc API contract phải được cập nhật đồng thời trong Spec, test case và tài liệu dữ liệu trước khi Done.
BR-210: Khi nhiều yêu cầu đồng thời thay đổi cùng tài nguyên, hệ thống phải dùng transaction, locking hoặc version control để ngăn ghi đè và vượt giới hạn nghiệp vụ.
BR-211: Mọi tài nguyên có trạng thái phải tuân thủ state transition đã định nghĩa và không được sử dụng giá trị ngoài enum database.
BR-206: Backend là nguồn quyết định cuối cùng đối với quyền, trạng thái, giá, sức chứa, tồn kho, mức rủi ro và kết quả giao dịch; client không được tự xác lập các giá trị này.
BR-207: Mọi thay đổi liên quan đến nhiều bảng hoặc nhiều bản ghi phải thực hiện trong một transaction; một bước thất bại thì toàn bộ nghiệp vụ phải rollback.
BR-209: Các thao tác có khả năng được gửi lại như thanh toán, hoàn tiền, callback và đồng bộ phải hỗ trợ idempotency để một yêu cầu không được xử lý thành công nhiều lần.
BR-218: Quyền truy cập dữ liệu sức khỏe phải dựa trên consent và quan hệ với Trip; khi thu hồi consent, quyền truy cập phải chấm dứt ngay.
BR-219: Mọi thời gian phải được lưu dưới dạng timestamptz và hiển thị theo múi giờ người dùng hoặc địa điểm được cấu hình.
BR-083: Chỉ cho chọn khi không vượt max_tents và max_people.
BR-084: Trip có route, tiêu đề, trip_type = day_trip hoặc overnight, thời gian bắt đầu/kết thúc, điểm tập trung, hạn booking, sức chứa tối thiểu/tối đa và giá.
BR-085: Starts_at < ends_at."
CTMS-33,[CTMS-33] Configure Overnight Stays for Trip,Cấu hình đêm nghỉ của Trip,Sprint 3,Stretch,/file/spec/ctms-33-configure-overnight-stays-for-trip.md,"BR-202, BR-204, BR-205, BR-230, BR-231, BR-242, BR-243, BR-244, BR-206, BR-207, BR-209, BR-086, BR-087, BR-088, BR-089, BR-090","BR-202: Tài khoản pending_verification, suspended hoặc deleted không được sử dụng chức năng yêu cầu tài khoản hoạt động, trừ flow xác minh hoặc khôi phục được cho phép.
BR-204: Người dùng chỉ được xem hoặc thay đổi dữ liệu thuộc sở hữu của mình, trừ khi vai trò và quan hệ nghiệp vụ cho phép truy cập dữ liệu của người khác.
BR-205: Mọi dữ liệu đầu vào phải được kiểm tra trường bắt buộc, kiểu dữ liệu, định dạng, độ dài, enum và quan hệ giữa các trường trước khi xử lý.
BR-230: Retry dịch vụ bên ngoài phải có giới hạn và backoff; retry không được tạo bản ghi hoặc giao dịch trùng.
BR-231: API phải trả mã lỗi nhất quán: 401 cho lỗi xác thực, 403 cho thiếu quyền, 404 khi không tìm thấy, 409 cho xung đột nghiệp vụ và 422 cho dữ liệu không hợp lệ.
BR-242: Khi backend từ chối do dữ liệu thay đổi đồng thời, UI phải giữ dữ liệu đã nhập, hiển thị lý do và cho phép tải lại hoặc thực hiện lại.
BR-243: Trường hợp thiếu quyền hoặc không thỏa điều kiện nghiệp vụ không được tạo bất kỳ side effect nào.
BR-244: Thay đổi Business Rule, enum, state transition hoặc API contract phải được cập nhật đồng thời trong Spec, test case và tài liệu dữ liệu trước khi Done.
BR-206: Backend là nguồn quyết định cuối cùng đối với quyền, trạng thái, giá, sức chứa, tồn kho, mức rủi ro và kết quả giao dịch; client không được tự xác lập các giá trị này.
BR-207: Mọi thay đổi liên quan đến nhiều bảng hoặc nhiều bản ghi phải thực hiện trong một transaction; một bước thất bại thì toàn bộ nghiệp vụ phải rollback.
BR-209: Các thao tác có khả năng được gửi lại như thanh toán, hoàn tiền, callback và đồng bộ phải hỗ trợ idempotency để một yêu cầu không được xử lý thành công nhiều lần.
BR-086: Trip mới có status = pending_approval.
BR-087: Mỗi đêm có night_number, stay_date, zone_id và tents_needed.
BR-088: Không trùng night_number hoặc stay_date trong cùng Trip.
BR-089: Số dòng bằng duration_nights.
BR-090: Trip có trip_type = day_trip không có trip_camp_stays."
CTMS-34,[CTMS-34] Approve and Publish Trip,Phê duyệt và công khai Trip,Sprint 3,Committed,/file/spec/ctms-34-approve-and-publish-trip.md,"BR-202, BR-204, BR-205, BR-230, BR-231, BR-242, BR-243, BR-244, BR-210, BR-211, BR-221, BR-222, BR-223, BR-224, BR-225, BR-226, BR-091, BR-092, BR-093","BR-202: Tài khoản pending_verification, suspended hoặc deleted không được sử dụng chức năng yêu cầu tài khoản hoạt động, trừ flow xác minh hoặc khôi phục được cho phép.
BR-204: Người dùng chỉ được xem hoặc thay đổi dữ liệu thuộc sở hữu của mình, trừ khi vai trò và quan hệ nghiệp vụ cho phép truy cập dữ liệu của người khác.
BR-205: Mọi dữ liệu đầu vào phải được kiểm tra trường bắt buộc, kiểu dữ liệu, định dạng, độ dài, enum và quan hệ giữa các trường trước khi xử lý.
BR-230: Retry dịch vụ bên ngoài phải có giới hạn và backoff; retry không được tạo bản ghi hoặc giao dịch trùng.
BR-231: API phải trả mã lỗi nhất quán: 401 cho lỗi xác thực, 403 cho thiếu quyền, 404 khi không tìm thấy, 409 cho xung đột nghiệp vụ và 422 cho dữ liệu không hợp lệ.
BR-242: Khi backend từ chối do dữ liệu thay đổi đồng thời, UI phải giữ dữ liệu đã nhập, hiển thị lý do và cho phép tải lại hoặc thực hiện lại.
BR-243: Trường hợp thiếu quyền hoặc không thỏa điều kiện nghiệp vụ không được tạo bất kỳ side effect nào.
BR-244: Thay đổi Business Rule, enum, state transition hoặc API contract phải được cập nhật đồng thời trong Spec, test case và tài liệu dữ liệu trước khi Done.
BR-210: Khi nhiều yêu cầu đồng thời thay đổi cùng tài nguyên, hệ thống phải dùng transaction, locking hoặc version control để ngăn ghi đè và vượt giới hạn nghiệp vụ.
BR-211: Mọi tài nguyên có trạng thái phải tuân thủ state transition đã định nghĩa và không được sử dụng giá trị ngoài enum database.
BR-221: OTP TTL, token TTL, số lần thử, rate limit, thời gian giữ booking và thời hạn retry phải được cấu hình, không hard-code trong logic.
BR-222: Hành động quan trọng phải được ghi audit log với actor, action, target, timestamp, dữ liệu trước và sau hoặc lý do thay đổi.
BR-223: Audit log là append-only; người dùng và Admin không được sửa hoặc xóa audit log qua chức năng nghiệp vụ thông thường.
BR-224: Audit log không được chứa mật khẩu, OTP, token, dữ liệu thanh toán nhạy cảm hoặc dữ liệu sức khỏe không cần thiết.
BR-225: Hành động tự động phải ghi actor_id = NULL hoặc system actor và có lý do thực hiện rõ ràng.
BR-226: Notification chỉ được phát sau khi thay đổi nghiệp vụ thành công; gửi notification thất bại không được làm mất kết quả giao dịch chính.
BR-091: Sức chứa được kiểm tra theo CTMS-31.
BR-092: Chỉ Trip có status = pending_approval và dữ liệu hợp lệ mới được chuyển sang status = published.
BR-093: Trip overnight phải đủ trip_camp_stays. Nếu không duyệt, giữ status = pending_approval để Host chỉnh sửa và lưu lý do trong audit_logs/notifications."
CTMS-35,[CTMS-35] Prevent Trip and Zone Overcapacity,Ngăn vượt sức chứa Trip và zone,Sprint 3,Committed,/file/spec/ctms-35-prevent-trip-and-zone-overcapacity.md,"BR-202, BR-204, BR-205, BR-230, BR-231, BR-242, BR-243, BR-244, BR-206, BR-207, BR-209, BR-094, BR-095, BR-096, BR-097, BR-098","BR-202: Tài khoản pending_verification, suspended hoặc deleted không được sử dụng chức năng yêu cầu tài khoản hoạt động, trừ flow xác minh hoặc khôi phục được cho phép.
BR-204: Người dùng chỉ được xem hoặc thay đổi dữ liệu thuộc sở hữu của mình, trừ khi vai trò và quan hệ nghiệp vụ cho phép truy cập dữ liệu của người khác.
BR-205: Mọi dữ liệu đầu vào phải được kiểm tra trường bắt buộc, kiểu dữ liệu, định dạng, độ dài, enum và quan hệ giữa các trường trước khi xử lý.
BR-230: Retry dịch vụ bên ngoài phải có giới hạn và backoff; retry không được tạo bản ghi hoặc giao dịch trùng.
BR-231: API phải trả mã lỗi nhất quán: 401 cho lỗi xác thực, 403 cho thiếu quyền, 404 khi không tìm thấy, 409 cho xung đột nghiệp vụ và 422 cho dữ liệu không hợp lệ.
BR-242: Khi backend từ chối do dữ liệu thay đổi đồng thời, UI phải giữ dữ liệu đã nhập, hiển thị lý do và cho phép tải lại hoặc thực hiện lại.
BR-243: Trường hợp thiếu quyền hoặc không thỏa điều kiện nghiệp vụ không được tạo bất kỳ side effect nào.
BR-244: Thay đổi Business Rule, enum, state transition hoặc API contract phải được cập nhật đồng thời trong Spec, test case và tài liệu dữ liệu trước khi Done.
BR-206: Backend là nguồn quyết định cuối cùng đối với quyền, trạng thái, giá, sức chứa, tồn kho, mức rủi ro và kết quả giao dịch; client không được tự xác lập các giá trị này.
BR-207: Mọi thay đổi liên quan đến nhiều bảng hoặc nhiều bản ghi phải thực hiện trong một transaction; một bước thất bại thì toàn bộ nghiệp vụ phải rollback.
BR-209: Các thao tác có khả năng được gửi lại như thanh toán, hoàn tiền, callback và đồng bộ phải hỗ trợ idempotency để một yêu cầu không được xử lý thành công nhiều lần.
BR-094: Nếu Trip bị hủy thì chuyển status = cancelled. Không sử dụng status rejected.
BR-095: Hệ thống phải tạo hoặc xác nhận booking được thực hiện trong transaction.
BR-096: Khóa theo trip_id khi cập nhật seats_taken.
BR-097: Khóa theo zone_id khi kiểm tra trip_camp_stays.
BR-098: Tổng người không vượt capacity_max hoặc max_people và tổng lều không vượt max_tents."
CTMS-36,[CTMS-36] Search and View Trip Details,Tìm kiếm và xem chi tiết Trip,Sprint 3,Committed,/file/spec/ctms-36-search-and-view-trip-details.md,"BR-202, BR-204, BR-205, BR-230, BR-231, BR-242, BR-243, BR-244, BR-210, BR-211, BR-232, BR-233, BR-218, BR-219, BR-099, BR-100, BR-101","BR-202: Tài khoản pending_verification, suspended hoặc deleted không được sử dụng chức năng yêu cầu tài khoản hoạt động, trừ flow xác minh hoặc khôi phục được cho phép.
BR-204: Người dùng chỉ được xem hoặc thay đổi dữ liệu thuộc sở hữu của mình, trừ khi vai trò và quan hệ nghiệp vụ cho phép truy cập dữ liệu của người khác.
BR-205: Mọi dữ liệu đầu vào phải được kiểm tra trường bắt buộc, kiểu dữ liệu, định dạng, độ dài, enum và quan hệ giữa các trường trước khi xử lý.
BR-230: Retry dịch vụ bên ngoài phải có giới hạn và backoff; retry không được tạo bản ghi hoặc giao dịch trùng.
BR-231: API phải trả mã lỗi nhất quán: 401 cho lỗi xác thực, 403 cho thiếu quyền, 404 khi không tìm thấy, 409 cho xung đột nghiệp vụ và 422 cho dữ liệu không hợp lệ.
BR-242: Khi backend từ chối do dữ liệu thay đổi đồng thời, UI phải giữ dữ liệu đã nhập, hiển thị lý do và cho phép tải lại hoặc thực hiện lại.
BR-243: Trường hợp thiếu quyền hoặc không thỏa điều kiện nghiệp vụ không được tạo bất kỳ side effect nào.
BR-244: Thay đổi Business Rule, enum, state transition hoặc API contract phải được cập nhật đồng thời trong Spec, test case và tài liệu dữ liệu trước khi Done.
BR-210: Khi nhiều yêu cầu đồng thời thay đổi cùng tài nguyên, hệ thống phải dùng transaction, locking hoặc version control để ngăn ghi đè và vượt giới hạn nghiệp vụ.
BR-211: Mọi tài nguyên có trạng thái phải tuân thủ state transition đã định nghĩa và không được sử dụng giá trị ngoài enum database.
BR-232: Thông báo lỗi phải rõ ràng, có thể hành động và không tiết lộ stack trace, dữ liệu bí mật hoặc tài nguyên người dùng không có quyền xem.
BR-233: API trả danh sách phải hỗ trợ phân trang và giới hạn số bản ghi; chỉ cho phép lọc và sắp xếp trên các trường được công bố.
BR-218: Quyền truy cập dữ liệu sức khỏe phải dựa trên consent và quan hệ với Trip; khi thu hồi consent, quyền truy cập phải chấm dứt ngay.
BR-219: Mọi thời gian phải được lưu dưới dạng timestamptz và hiển thị theo múi giờ người dùng hoặc địa điểm được cấu hình.
BR-099: Giao dịch xung đột phải rollback.
BR-100: Chỉ hiển thị Trip có status = published.
BR-101: Hệ thống phải hỗ trợ lọc theo thời gian, trip_type, độ khó, giá và route."
CTMS-37,[CTMS-37] View Risk Level Before Trekking Registration,Xem mức rủi ro trước khi đăng ký trekking,Sprint 3,Committed,/file/spec/ctms-37-view-risk-level-before-trekking-registration.md,"BR-202, BR-204, BR-205, BR-230, BR-231, BR-242, BR-243, BR-244, BR-200, BR-201, BR-214, BR-215, BR-220, BR-232, BR-233, BR-218, BR-219, BR-102","BR-202: Tài khoản pending_verification, suspended hoặc deleted không được sử dụng chức năng yêu cầu tài khoản hoạt động, trừ flow xác minh hoặc khôi phục được cho phép.
BR-204: Người dùng chỉ được xem hoặc thay đổi dữ liệu thuộc sở hữu của mình, trừ khi vai trò và quan hệ nghiệp vụ cho phép truy cập dữ liệu của người khác.
BR-205: Mọi dữ liệu đầu vào phải được kiểm tra trường bắt buộc, kiểu dữ liệu, định dạng, độ dài, enum và quan hệ giữa các trường trước khi xử lý.
BR-230: Retry dịch vụ bên ngoài phải có giới hạn và backoff; retry không được tạo bản ghi hoặc giao dịch trùng.
BR-231: API phải trả mã lỗi nhất quán: 401 cho lỗi xác thực, 403 cho thiếu quyền, 404 khi không tìm thấy, 409 cho xung đột nghiệp vụ và 422 cho dữ liệu không hợp lệ.
BR-242: Khi backend từ chối do dữ liệu thay đổi đồng thời, UI phải giữ dữ liệu đã nhập, hiển thị lý do và cho phép tải lại hoặc thực hiện lại.
BR-243: Trường hợp thiếu quyền hoặc không thỏa điều kiện nghiệp vụ không được tạo bất kỳ side effect nào.
BR-244: Thay đổi Business Rule, enum, state transition hoặc API contract phải được cập nhật đồng thời trong Spec, test case và tài liệu dữ liệu trước khi Done.
BR-200: Mọi thay đổi được ghi audit log.
BR-201: Mọi chức năng yêu cầu xác thực chỉ được thực hiện khi người dùng có phiên đăng nhập hợp lệ và tài khoản đang ở trạng thái active.
BR-214: Mọi quan hệ dữ liệu phải tham chiếu tới bản ghi tồn tại và hợp lệ; không tạo bản ghi con cho tài nguyên không thuộc đúng phạm vi nghiệp vụ.
BR-215: Email phải được chuẩn hóa trước khi so sánh và lưu; số điện thoại phải được chuẩn hóa theo định dạng thống nhất, ưu tiên E.164.
BR-220: Khoảng thời gian hợp lệ phải có thời điểm bắt đầu nhỏ hơn thời điểm kết thúc, trừ trường hợp nghiệp vụ quy định rõ có thể bằng nhau.
BR-232: Thông báo lỗi phải rõ ràng, có thể hành động và không tiết lộ stack trace, dữ liệu bí mật hoặc tài nguyên người dùng không có quyền xem.
BR-233: API trả danh sách phải hỗ trợ phân trang và giới hạn số bản ghi; chỉ cho phép lọc và sắp xếp trên các trường được công bố.
BR-218: Quyền truy cập dữ liệu sức khỏe phải dựa trên consent và quan hệ với Trip; khi thu hồi consent, quyền truy cập phải chấm dứt ngay.
BR-219: Mọi thời gian phải được lưu dưới dạng timestamptz và hiển thị theo múi giờ người dùng hoặc địa điểm được cấu hình.
BR-102: Hệ thống phải hiển thị starts_at, ends_at, meeting_point, giá, số chỗ còn lại, includes/excludes và mức rủi ro gần nhất."
CTMS-38,[CTMS-38] Edit Trip,Chỉnh sửa Trip,Sprint 3,Stretch,/file/spec/ctms-38-edit-trip.md,"BR-202, BR-204, BR-205, BR-230, BR-231, BR-242, BR-243, BR-244, BR-210, BR-211, BR-206, BR-207, BR-209, BR-221, BR-222, BR-223, BR-224, BR-225, BR-226, BR-234, BR-235, BR-218, BR-219, BR-103, BR-104, BR-105","BR-202: Tài khoản pending_verification, suspended hoặc deleted không được sử dụng chức năng yêu cầu tài khoản hoạt động, trừ flow xác minh hoặc khôi phục được cho phép.
BR-204: Người dùng chỉ được xem hoặc thay đổi dữ liệu thuộc sở hữu của mình, trừ khi vai trò và quan hệ nghiệp vụ cho phép truy cập dữ liệu của người khác.
BR-205: Mọi dữ liệu đầu vào phải được kiểm tra trường bắt buộc, kiểu dữ liệu, định dạng, độ dài, enum và quan hệ giữa các trường trước khi xử lý.
BR-230: Retry dịch vụ bên ngoài phải có giới hạn và backoff; retry không được tạo bản ghi hoặc giao dịch trùng.
BR-231: API phải trả mã lỗi nhất quán: 401 cho lỗi xác thực, 403 cho thiếu quyền, 404 khi không tìm thấy, 409 cho xung đột nghiệp vụ và 422 cho dữ liệu không hợp lệ.
BR-242: Khi backend từ chối do dữ liệu thay đổi đồng thời, UI phải giữ dữ liệu đã nhập, hiển thị lý do và cho phép tải lại hoặc thực hiện lại.
BR-243: Trường hợp thiếu quyền hoặc không thỏa điều kiện nghiệp vụ không được tạo bất kỳ side effect nào.
BR-244: Thay đổi Business Rule, enum, state transition hoặc API contract phải được cập nhật đồng thời trong Spec, test case và tài liệu dữ liệu trước khi Done.
BR-210: Khi nhiều yêu cầu đồng thời thay đổi cùng tài nguyên, hệ thống phải dùng transaction, locking hoặc version control để ngăn ghi đè và vượt giới hạn nghiệp vụ.
BR-211: Mọi tài nguyên có trạng thái phải tuân thủ state transition đã định nghĩa và không được sử dụng giá trị ngoài enum database.
BR-206: Backend là nguồn quyết định cuối cùng đối với quyền, trạng thái, giá, sức chứa, tồn kho, mức rủi ro và kết quả giao dịch; client không được tự xác lập các giá trị này.
BR-207: Mọi thay đổi liên quan đến nhiều bảng hoặc nhiều bản ghi phải thực hiện trong một transaction; một bước thất bại thì toàn bộ nghiệp vụ phải rollback.
BR-209: Các thao tác có khả năng được gửi lại như thanh toán, hoàn tiền, callback và đồng bộ phải hỗ trợ idempotency để một yêu cầu không được xử lý thành công nhiều lần.
BR-221: OTP TTL, token TTL, số lần thử, rate limit, thời gian giữ booking và thời hạn retry phải được cấu hình, không hard-code trong logic.
BR-222: Hành động quan trọng phải được ghi audit log với actor, action, target, timestamp, dữ liệu trước và sau hoặc lý do thay đổi.
BR-223: Audit log là append-only; người dùng và Admin không được sửa hoặc xóa audit log qua chức năng nghiệp vụ thông thường.
BR-224: Audit log không được chứa mật khẩu, OTP, token, dữ liệu thanh toán nhạy cảm hoặc dữ liệu sức khỏe không cần thiết.
BR-225: Hành động tự động phải ghi actor_id = NULL hoặc system actor và có lý do thực hiện rõ ràng.
BR-226: Notification chỉ được phát sau khi thay đổi nghiệp vụ thành công; gửi notification thất bại không được làm mất kết quả giao dịch chính.
BR-234: Danh sách công khai chỉ được chứa tài nguyên ở trạng thái cho phép công khai; draft, suspended, closed hoặc archived không được hiển thị nếu không có quy định khác.
BR-235: Media phải lưu URL và metadata cần thiết; URL client cung cấp chỉ hợp lệ sau khi hoàn tất quy trình upload/xác minh.
BR-218: Quyền truy cập dữ liệu sức khỏe phải dựa trên consent và quan hệ với Trip; khi thu hồi consent, quyền truy cập phải chấm dứt ngay.
BR-219: Mọi thời gian phải được lưu dưới dạng timestamptz và hiển thị theo múi giờ người dùng hoặc địa điểm được cấu hình.
BR-103: Trang route hiển thị Green, Yellow hoặc Red, thời gian cập nhật và khuyến nghị.
BR-104: Chỉ Host sở hữu được sửa.
BR-105: Starts_at, ends_at, capacity và trip_camp_stays sau khi Trip có status = published phải kiểm tra ảnh hưởng tới booking, Porter, thiết bị và zone."
CTMS-39,[CTMS-39] Manage Trip Images,Quản lý hình ảnh Trip,Sprint 3,Stretch,/file/spec/ctms-39-manage-trip-images.md,"BR-202, BR-204, BR-205, BR-230, BR-231, BR-242, BR-243, BR-244, BR-210, BR-211, BR-234, BR-235, BR-106, BR-107, BR-108","BR-202: Tài khoản pending_verification, suspended hoặc deleted không được sử dụng chức năng yêu cầu tài khoản hoạt động, trừ flow xác minh hoặc khôi phục được cho phép.
BR-204: Người dùng chỉ được xem hoặc thay đổi dữ liệu thuộc sở hữu của mình, trừ khi vai trò và quan hệ nghiệp vụ cho phép truy cập dữ liệu của người khác.
BR-205: Mọi dữ liệu đầu vào phải được kiểm tra trường bắt buộc, kiểu dữ liệu, định dạng, độ dài, enum và quan hệ giữa các trường trước khi xử lý.
BR-230: Retry dịch vụ bên ngoài phải có giới hạn và backoff; retry không được tạo bản ghi hoặc giao dịch trùng.
BR-231: API phải trả mã lỗi nhất quán: 401 cho lỗi xác thực, 403 cho thiếu quyền, 404 khi không tìm thấy, 409 cho xung đột nghiệp vụ và 422 cho dữ liệu không hợp lệ.
BR-242: Khi backend từ chối do dữ liệu thay đổi đồng thời, UI phải giữ dữ liệu đã nhập, hiển thị lý do và cho phép tải lại hoặc thực hiện lại.
BR-243: Trường hợp thiếu quyền hoặc không thỏa điều kiện nghiệp vụ không được tạo bất kỳ side effect nào.
BR-244: Thay đổi Business Rule, enum, state transition hoặc API contract phải được cập nhật đồng thời trong Spec, test case và tài liệu dữ liệu trước khi Done.
BR-210: Khi nhiều yêu cầu đồng thời thay đổi cùng tài nguyên, hệ thống phải dùng transaction, locking hoặc version control để ngăn ghi đè và vượt giới hạn nghiệp vụ.
BR-211: Mọi tài nguyên có trạng thái phải tuân thủ state transition đã định nghĩa và không được sử dụng giá trị ngoài enum database.
BR-234: Danh sách công khai chỉ được chứa tài nguyên ở trạng thái cho phép công khai; draft, suspended, closed hoặc archived không được hiển thị nếu không có quy định khác.
BR-235: Media phải lưu URL và metadata cần thiết; URL client cung cấp chỉ hợp lệ sau khi hoàn tất quy trình upload/xác minh.
BR-106: Thay đổi quan trọng được ghi audit và gửi thông báo.
BR-107: Hệ thống phải cho phép thêm, xóa và sắp xếp trip_media.
BR-108: Mỗi media có URL, loại và thứ tự."
CTMS-40,[CTMS-40] Create Booking for Trip,Tạo booking cho Trip,Sprint 3,Committed,/file/spec/ctms-40-create-booking-for-trip.md,"BR-202, BR-204, BR-205, BR-230, BR-231, BR-242, BR-243, BR-244, BR-210, BR-211, BR-206, BR-207, BR-209, BR-218, BR-219, BR-109, BR-110, BR-111","BR-202: Tài khoản pending_verification, suspended hoặc deleted không được sử dụng chức năng yêu cầu tài khoản hoạt động, trừ flow xác minh hoặc khôi phục được cho phép.
BR-204: Người dùng chỉ được xem hoặc thay đổi dữ liệu thuộc sở hữu của mình, trừ khi vai trò và quan hệ nghiệp vụ cho phép truy cập dữ liệu của người khác.
BR-205: Mọi dữ liệu đầu vào phải được kiểm tra trường bắt buộc, kiểu dữ liệu, định dạng, độ dài, enum và quan hệ giữa các trường trước khi xử lý.
BR-230: Retry dịch vụ bên ngoài phải có giới hạn và backoff; retry không được tạo bản ghi hoặc giao dịch trùng.
BR-231: API phải trả mã lỗi nhất quán: 401 cho lỗi xác thực, 403 cho thiếu quyền, 404 khi không tìm thấy, 409 cho xung đột nghiệp vụ và 422 cho dữ liệu không hợp lệ.
BR-242: Khi backend từ chối do dữ liệu thay đổi đồng thời, UI phải giữ dữ liệu đã nhập, hiển thị lý do và cho phép tải lại hoặc thực hiện lại.
BR-243: Trường hợp thiếu quyền hoặc không thỏa điều kiện nghiệp vụ không được tạo bất kỳ side effect nào.
BR-244: Thay đổi Business Rule, enum, state transition hoặc API contract phải được cập nhật đồng thời trong Spec, test case và tài liệu dữ liệu trước khi Done.
BR-210: Khi nhiều yêu cầu đồng thời thay đổi cùng tài nguyên, hệ thống phải dùng transaction, locking hoặc version control để ngăn ghi đè và vượt giới hạn nghiệp vụ.
BR-211: Mọi tài nguyên có trạng thái phải tuân thủ state transition đã định nghĩa và không được sử dụng giá trị ngoài enum database.
BR-206: Backend là nguồn quyết định cuối cùng đối với quyền, trạng thái, giá, sức chứa, tồn kho, mức rủi ro và kết quả giao dịch; client không được tự xác lập các giá trị này.
BR-207: Mọi thay đổi liên quan đến nhiều bảng hoặc nhiều bản ghi phải thực hiện trong một transaction; một bước thất bại thì toàn bộ nghiệp vụ phải rollback.
BR-209: Các thao tác có khả năng được gửi lại như thanh toán, hoàn tiền, callback và đồng bộ phải hỗ trợ idempotency để một yêu cầu không được xử lý thành công nhiều lần.
BR-218: Quyền truy cập dữ liệu sức khỏe phải dựa trên consent và quan hệ với Trip; khi thu hồi consent, quyền truy cập phải chấm dứt ngay.
BR-219: Mọi thời gian phải được lưu dưới dạng timestamptz và hiển thị theo múi giờ người dùng hoặc địa điểm được cấu hình.
BR-109: Chỉ Host sở hữu Trip được cập nhật khi trips.status NOT IN (ongoing, completed).
BR-110: Chỉ tạo cho Trip có status = published, chưa quá booking_deadline, không ở mức Weather Risk Red và còn đủ chỗ.
BR-111: Hệ thống phải lưu snapshot ngày, giá và chính sách hủy. Trip miễn phí tạo bookings.status = confirmed và payment_status = not_required."
CTMS-41,[CTMS-41] Add Members to Booking,Thêm thành viên vào booking,Sprint 3,Committed,/file/spec/ctms-41-add-members-to-booking.md,"BR-202, BR-204, BR-205, BR-230, BR-231, BR-242, BR-243, BR-244, BR-206, BR-207, BR-209, BR-112, BR-113, BR-114, BR-115","BR-202: Tài khoản pending_verification, suspended hoặc deleted không được sử dụng chức năng yêu cầu tài khoản hoạt động, trừ flow xác minh hoặc khôi phục được cho phép.
BR-204: Người dùng chỉ được xem hoặc thay đổi dữ liệu thuộc sở hữu của mình, trừ khi vai trò và quan hệ nghiệp vụ cho phép truy cập dữ liệu của người khác.
BR-205: Mọi dữ liệu đầu vào phải được kiểm tra trường bắt buộc, kiểu dữ liệu, định dạng, độ dài, enum và quan hệ giữa các trường trước khi xử lý.
BR-230: Retry dịch vụ bên ngoài phải có giới hạn và backoff; retry không được tạo bản ghi hoặc giao dịch trùng.
BR-231: API phải trả mã lỗi nhất quán: 401 cho lỗi xác thực, 403 cho thiếu quyền, 404 khi không tìm thấy, 409 cho xung đột nghiệp vụ và 422 cho dữ liệu không hợp lệ.
BR-242: Khi backend từ chối do dữ liệu thay đổi đồng thời, UI phải giữ dữ liệu đã nhập, hiển thị lý do và cho phép tải lại hoặc thực hiện lại.
BR-243: Trường hợp thiếu quyền hoặc không thỏa điều kiện nghiệp vụ không được tạo bất kỳ side effect nào.
BR-244: Thay đổi Business Rule, enum, state transition hoặc API contract phải được cập nhật đồng thời trong Spec, test case và tài liệu dữ liệu trước khi Done.
BR-206: Backend là nguồn quyết định cuối cùng đối với quyền, trạng thái, giá, sức chứa, tồn kho, mức rủi ro và kết quả giao dịch; client không được tự xác lập các giá trị này.
BR-207: Mọi thay đổi liên quan đến nhiều bảng hoặc nhiều bản ghi phải thực hiện trong một transaction; một bước thất bại thì toàn bộ nghiệp vụ phải rollback.
BR-209: Các thao tác có khả năng được gửi lại như thanh toán, hoàn tiền, callback và đồng bộ phải hỗ trợ idempotency để một yêu cầu không được xử lý thành công nhiều lần.
BR-112: Trip có phí tạo bookings.status = pending_payment và payment_status = unpaid.
BR-113: Booking_members chứa toàn bộ người tham gia, kể cả người đặt booking.
BR-114: Mỗi booking có đúng một is_primary = true.
BR-115: Num_people bằng số booking_members."
CTMS-42,[CTMS-42] View Booking Details,Xem chi tiết booking,Sprint 3,Committed,/file/spec/ctms-42-view-booking-details.md,"BR-202, BR-204, BR-205, BR-230, BR-231, BR-242, BR-243, BR-244, BR-210, BR-211, BR-206, BR-207, BR-209, BR-232, BR-233, BR-218, BR-219, BR-116, BR-117","BR-202: Tài khoản pending_verification, suspended hoặc deleted không được sử dụng chức năng yêu cầu tài khoản hoạt động, trừ flow xác minh hoặc khôi phục được cho phép.
BR-204: Người dùng chỉ được xem hoặc thay đổi dữ liệu thuộc sở hữu của mình, trừ khi vai trò và quan hệ nghiệp vụ cho phép truy cập dữ liệu của người khác.
BR-205: Mọi dữ liệu đầu vào phải được kiểm tra trường bắt buộc, kiểu dữ liệu, định dạng, độ dài, enum và quan hệ giữa các trường trước khi xử lý.
BR-230: Retry dịch vụ bên ngoài phải có giới hạn và backoff; retry không được tạo bản ghi hoặc giao dịch trùng.
BR-231: API phải trả mã lỗi nhất quán: 401 cho lỗi xác thực, 403 cho thiếu quyền, 404 khi không tìm thấy, 409 cho xung đột nghiệp vụ và 422 cho dữ liệu không hợp lệ.
BR-242: Khi backend từ chối do dữ liệu thay đổi đồng thời, UI phải giữ dữ liệu đã nhập, hiển thị lý do và cho phép tải lại hoặc thực hiện lại.
BR-243: Trường hợp thiếu quyền hoặc không thỏa điều kiện nghiệp vụ không được tạo bất kỳ side effect nào.
BR-244: Thay đổi Business Rule, enum, state transition hoặc API contract phải được cập nhật đồng thời trong Spec, test case và tài liệu dữ liệu trước khi Done.
BR-210: Khi nhiều yêu cầu đồng thời thay đổi cùng tài nguyên, hệ thống phải dùng transaction, locking hoặc version control để ngăn ghi đè và vượt giới hạn nghiệp vụ.
BR-211: Mọi tài nguyên có trạng thái phải tuân thủ state transition đã định nghĩa và không được sử dụng giá trị ngoài enum database.
BR-206: Backend là nguồn quyết định cuối cùng đối với quyền, trạng thái, giá, sức chứa, tồn kho, mức rủi ro và kết quả giao dịch; client không được tự xác lập các giá trị này.
BR-207: Mọi thay đổi liên quan đến nhiều bảng hoặc nhiều bản ghi phải thực hiện trong một transaction; một bước thất bại thì toàn bộ nghiệp vụ phải rollback.
BR-209: Các thao tác có khả năng được gửi lại như thanh toán, hoàn tiền, callback và đồng bộ phải hỗ trợ idempotency để một yêu cầu không được xử lý thành công nhiều lần.
BR-232: Thông báo lỗi phải rõ ràng, có thể hành động và không tiết lộ stack trace, dữ liệu bí mật hoặc tài nguyên người dùng không có quyền xem.
BR-233: API trả danh sách phải hỗ trợ phân trang và giới hạn số bản ghi; chỉ cho phép lọc và sắp xếp trên các trường được công bố.
BR-218: Quyền truy cập dữ liệu sức khỏe phải dựa trên consent và quan hệ với Trip; khi thu hồi consent, quyền truy cập phải chấm dứt ngay.
BR-219: Mọi thời gian phải được lưu dưới dạng timestamptz và hiển thị theo múi giờ người dùng hoặc địa điểm được cấu hình.
BR-116: Không thêm trùng user trong cùng booking và không làm booking vượt sức chứa Trip.
BR-117: Hệ thống phải hiển thị mã booking, Trip, route, thời gian, danh sách thành viên, giá, phụ phí, thiết bị thuê, payment_status và booking_status."
CTMS-43,[CTMS-43] Pay for Booking,Thanh toán booking,Sprint 3,Committed,/file/spec/ctms-43-pay-for-booking.md,"BR-202, BR-204, BR-205, BR-230, BR-231, BR-242, BR-243, BR-244, BR-210, BR-211, BR-206, BR-207, BR-209, BR-208, BR-118, BR-119, BR-120","BR-202: Tài khoản pending_verification, suspended hoặc deleted không được sử dụng chức năng yêu cầu tài khoản hoạt động, trừ flow xác minh hoặc khôi phục được cho phép.
BR-204: Người dùng chỉ được xem hoặc thay đổi dữ liệu thuộc sở hữu của mình, trừ khi vai trò và quan hệ nghiệp vụ cho phép truy cập dữ liệu của người khác.
BR-205: Mọi dữ liệu đầu vào phải được kiểm tra trường bắt buộc, kiểu dữ liệu, định dạng, độ dài, enum và quan hệ giữa các trường trước khi xử lý.
BR-230: Retry dịch vụ bên ngoài phải có giới hạn và backoff; retry không được tạo bản ghi hoặc giao dịch trùng.
BR-231: API phải trả mã lỗi nhất quán: 401 cho lỗi xác thực, 403 cho thiếu quyền, 404 khi không tìm thấy, 409 cho xung đột nghiệp vụ và 422 cho dữ liệu không hợp lệ.
BR-242: Khi backend từ chối do dữ liệu thay đổi đồng thời, UI phải giữ dữ liệu đã nhập, hiển thị lý do và cho phép tải lại hoặc thực hiện lại.
BR-243: Trường hợp thiếu quyền hoặc không thỏa điều kiện nghiệp vụ không được tạo bất kỳ side effect nào.
BR-244: Thay đổi Business Rule, enum, state transition hoặc API contract phải được cập nhật đồng thời trong Spec, test case và tài liệu dữ liệu trước khi Done.
BR-210: Khi nhiều yêu cầu đồng thời thay đổi cùng tài nguyên, hệ thống phải dùng transaction, locking hoặc version control để ngăn ghi đè và vượt giới hạn nghiệp vụ.
BR-211: Mọi tài nguyên có trạng thái phải tuân thủ state transition đã định nghĩa và không được sử dụng giá trị ngoài enum database.
BR-206: Backend là nguồn quyết định cuối cùng đối với quyền, trạng thái, giá, sức chứa, tồn kho, mức rủi ro và kết quả giao dịch; client không được tự xác lập các giá trị này.
BR-207: Mọi thay đổi liên quan đến nhiều bảng hoặc nhiều bản ghi phải thực hiện trong một transaction; một bước thất bại thì toàn bộ nghiệp vụ phải rollback.
BR-209: Các thao tác có khả năng được gửi lại như thanh toán, hoàn tiền, callback và đồng bộ phải hỗ trợ idempotency để một yêu cầu không được xử lý thành công nhiều lần.
BR-208: Thao tác thất bại không được để lại dữ liệu, trạng thái, số lượng giữ chỗ, số tiền hoặc tồn kho ở trạng thái xử lý dở dang.
BR-118: Không hiển thị campsite slot.
BR-119: Hệ thống phải tạo payment transaction với idempotency_key duy nhất.
BR-120: Payments.status sử dụng pending, succeeded hoặc failed. Khi thành công, bookings.payment_status = paid và bookings.status = confirmed."
CTMS-44,[CTMS-44] Automatically Expire Booking,Tự động hết hạn booking,Sprint 3,Stretch,/file/spec/ctms-44-automatically-expire-booking.md,"BR-202, BR-204, BR-205, BR-230, BR-231, BR-242, BR-243, BR-244, BR-210, BR-211, BR-206, BR-207, BR-209, BR-221, BR-222, BR-223, BR-224, BR-225, BR-226, BR-236, BR-237, BR-218, BR-219, BR-121, BR-122, BR-123, BR-124, BR-125","BR-202: Tài khoản pending_verification, suspended hoặc deleted không được sử dụng chức năng yêu cầu tài khoản hoạt động, trừ flow xác minh hoặc khôi phục được cho phép.
BR-204: Người dùng chỉ được xem hoặc thay đổi dữ liệu thuộc sở hữu của mình, trừ khi vai trò và quan hệ nghiệp vụ cho phép truy cập dữ liệu của người khác.
BR-205: Mọi dữ liệu đầu vào phải được kiểm tra trường bắt buộc, kiểu dữ liệu, định dạng, độ dài, enum và quan hệ giữa các trường trước khi xử lý.
BR-230: Retry dịch vụ bên ngoài phải có giới hạn và backoff; retry không được tạo bản ghi hoặc giao dịch trùng.
BR-231: API phải trả mã lỗi nhất quán: 401 cho lỗi xác thực, 403 cho thiếu quyền, 404 khi không tìm thấy, 409 cho xung đột nghiệp vụ và 422 cho dữ liệu không hợp lệ.
BR-242: Khi backend từ chối do dữ liệu thay đổi đồng thời, UI phải giữ dữ liệu đã nhập, hiển thị lý do và cho phép tải lại hoặc thực hiện lại.
BR-243: Trường hợp thiếu quyền hoặc không thỏa điều kiện nghiệp vụ không được tạo bất kỳ side effect nào.
BR-244: Thay đổi Business Rule, enum, state transition hoặc API contract phải được cập nhật đồng thời trong Spec, test case và tài liệu dữ liệu trước khi Done.
BR-210: Khi nhiều yêu cầu đồng thời thay đổi cùng tài nguyên, hệ thống phải dùng transaction, locking hoặc version control để ngăn ghi đè và vượt giới hạn nghiệp vụ.
BR-211: Mọi tài nguyên có trạng thái phải tuân thủ state transition đã định nghĩa và không được sử dụng giá trị ngoài enum database.
BR-206: Backend là nguồn quyết định cuối cùng đối với quyền, trạng thái, giá, sức chứa, tồn kho, mức rủi ro và kết quả giao dịch; client không được tự xác lập các giá trị này.
BR-207: Mọi thay đổi liên quan đến nhiều bảng hoặc nhiều bản ghi phải thực hiện trong một transaction; một bước thất bại thì toàn bộ nghiệp vụ phải rollback.
BR-209: Các thao tác có khả năng được gửi lại như thanh toán, hoàn tiền, callback và đồng bộ phải hỗ trợ idempotency để một yêu cầu không được xử lý thành công nhiều lần.
BR-221: OTP TTL, token TTL, số lần thử, rate limit, thời gian giữ booking và thời hạn retry phải được cấu hình, không hard-code trong logic.
BR-222: Hành động quan trọng phải được ghi audit log với actor, action, target, timestamp, dữ liệu trước và sau hoặc lý do thay đổi.
BR-223: Audit log là append-only; người dùng và Admin không được sửa hoặc xóa audit log qua chức năng nghiệp vụ thông thường.
BR-224: Audit log không được chứa mật khẩu, OTP, token, dữ liệu thanh toán nhạy cảm hoặc dữ liệu sức khỏe không cần thiết.
BR-225: Hành động tự động phải ghi actor_id = NULL hoặc system actor và có lý do thực hiện rõ ràng.
BR-226: Notification chỉ được phát sau khi thay đổi nghiệp vụ thành công; gửi notification thất bại không được làm mất kết quả giao dịch chính.
BR-236: Người dùng chỉ được thêm, xóa hoặc sắp xếp media của tài nguyên mà họ sở hữu hoặc được phân quyền quản lý.
BR-237: Background job phải kiểm tra lại điều kiện nghiệp vụ tại thời điểm thực thi và không dựa hoàn toàn vào trạng thái cũ.
BR-218: Quyền truy cập dữ liệu sức khỏe phải dựa trên consent và quan hệ với Trip; khi thu hồi consent, quyền truy cập phải chấm dứt ngay.
BR-219: Mọi thời gian phải được lưu dưới dạng timestamptz và hiển thị theo múi giờ người dùng hoặc địa điểm được cấu hình.
BR-121: Giao dịch trùng không được ghi nhận hai lần.
BR-122: Booking có status = pending_payment quá hold_expires_at chuyển sang expired.
BR-123: Giảm seats_taken nếu booking đang giữ chỗ.
BR-124: Equipment_reservations có status = reserved liên quan chuyển sang cancelled.
BR-125: Ghi thay đổi vào audit_logs với action = booking_expired, target_type = booking, target_id = booking_id, actor_id = NULL, before_value, after_value và reason."
CTMS-45,[CTMS-45] Cancel Booking by Policy,Hủy booking theo chính sách,Sprint 3,Stretch,/file/spec/ctms-45-cancel-booking-by-policy.md,"BR-202, BR-204, BR-205, BR-230, BR-231, BR-242, BR-243, BR-244, BR-210, BR-211, BR-206, BR-207, BR-209, BR-221, BR-222, BR-223, BR-224, BR-126, BR-127, BR-128, BR-129, BR-130","BR-202: Tài khoản pending_verification, suspended hoặc deleted không được sử dụng chức năng yêu cầu tài khoản hoạt động, trừ flow xác minh hoặc khôi phục được cho phép.
BR-204: Người dùng chỉ được xem hoặc thay đổi dữ liệu thuộc sở hữu của mình, trừ khi vai trò và quan hệ nghiệp vụ cho phép truy cập dữ liệu của người khác.
BR-205: Mọi dữ liệu đầu vào phải được kiểm tra trường bắt buộc, kiểu dữ liệu, định dạng, độ dài, enum và quan hệ giữa các trường trước khi xử lý.
BR-230: Retry dịch vụ bên ngoài phải có giới hạn và backoff; retry không được tạo bản ghi hoặc giao dịch trùng.
BR-231: API phải trả mã lỗi nhất quán: 401 cho lỗi xác thực, 403 cho thiếu quyền, 404 khi không tìm thấy, 409 cho xung đột nghiệp vụ và 422 cho dữ liệu không hợp lệ.
BR-242: Khi backend từ chối do dữ liệu thay đổi đồng thời, UI phải giữ dữ liệu đã nhập, hiển thị lý do và cho phép tải lại hoặc thực hiện lại.
BR-243: Trường hợp thiếu quyền hoặc không thỏa điều kiện nghiệp vụ không được tạo bất kỳ side effect nào.
BR-244: Thay đổi Business Rule, enum, state transition hoặc API contract phải được cập nhật đồng thời trong Spec, test case và tài liệu dữ liệu trước khi Done.
BR-210: Khi nhiều yêu cầu đồng thời thay đổi cùng tài nguyên, hệ thống phải dùng transaction, locking hoặc version control để ngăn ghi đè và vượt giới hạn nghiệp vụ.
BR-211: Mọi tài nguyên có trạng thái phải tuân thủ state transition đã định nghĩa và không được sử dụng giá trị ngoài enum database.
BR-206: Backend là nguồn quyết định cuối cùng đối với quyền, trạng thái, giá, sức chứa, tồn kho, mức rủi ro và kết quả giao dịch; client không được tự xác lập các giá trị này.
BR-207: Mọi thay đổi liên quan đến nhiều bảng hoặc nhiều bản ghi phải thực hiện trong một transaction; một bước thất bại thì toàn bộ nghiệp vụ phải rollback.
BR-209: Các thao tác có khả năng được gửi lại như thanh toán, hoàn tiền, callback và đồng bộ phải hỗ trợ idempotency để một yêu cầu không được xử lý thành công nhiều lần.
BR-221: OTP TTL, token TTL, số lần thử, rate limit, thời gian giữ booking và thời hạn retry phải được cấu hình, không hard-code trong logic.
BR-222: Hành động quan trọng phải được ghi audit log với actor, action, target, timestamp, dữ liệu trước và sau hoặc lý do thay đổi.
BR-223: Audit log là append-only; người dùng và Admin không được sửa hoặc xóa audit log qua chức năng nghiệp vụ thông thường.
BR-224: Audit log không được chứa mật khẩu, OTP, token, dữ liệu thanh toán nhạy cảm hoặc dữ liệu sức khỏe không cần thiết.
BR-126: Sau đó phát thông báo cho người đặt booking.
BR-127: Hệ thống phải tính phí hủy theo cancellation_policy_snapshot.
BR-128: Hệ thống phải cập nhật bookings.status = cancelled, cancelled_at và cancelled_by.
BR-129: Giảm seats_taken.
BR-130: Giải phóng equipment_reservations còn hiệu lực."
CTMS-46,[CTMS-46] Process Refund,Xử lý hoàn tiền,Sprint 3,Stretch,/file/spec/ctms-46-process-refund.md,"BR-202, BR-204, BR-205, BR-230, BR-231, BR-242, BR-243, BR-244, BR-210, BR-211, BR-206, BR-207, BR-209, BR-208, BR-131, BR-132, BR-133, BR-134","BR-202: Tài khoản pending_verification, suspended hoặc deleted không được sử dụng chức năng yêu cầu tài khoản hoạt động, trừ flow xác minh hoặc khôi phục được cho phép.
BR-204: Người dùng chỉ được xem hoặc thay đổi dữ liệu thuộc sở hữu của mình, trừ khi vai trò và quan hệ nghiệp vụ cho phép truy cập dữ liệu của người khác.
BR-205: Mọi dữ liệu đầu vào phải được kiểm tra trường bắt buộc, kiểu dữ liệu, định dạng, độ dài, enum và quan hệ giữa các trường trước khi xử lý.
BR-230: Retry dịch vụ bên ngoài phải có giới hạn và backoff; retry không được tạo bản ghi hoặc giao dịch trùng.
BR-231: API phải trả mã lỗi nhất quán: 401 cho lỗi xác thực, 403 cho thiếu quyền, 404 khi không tìm thấy, 409 cho xung đột nghiệp vụ và 422 cho dữ liệu không hợp lệ.
BR-242: Khi backend từ chối do dữ liệu thay đổi đồng thời, UI phải giữ dữ liệu đã nhập, hiển thị lý do và cho phép tải lại hoặc thực hiện lại.
BR-243: Trường hợp thiếu quyền hoặc không thỏa điều kiện nghiệp vụ không được tạo bất kỳ side effect nào.
BR-244: Thay đổi Business Rule, enum, state transition hoặc API contract phải được cập nhật đồng thời trong Spec, test case và tài liệu dữ liệu trước khi Done.
BR-210: Khi nhiều yêu cầu đồng thời thay đổi cùng tài nguyên, hệ thống phải dùng transaction, locking hoặc version control để ngăn ghi đè và vượt giới hạn nghiệp vụ.
BR-211: Mọi tài nguyên có trạng thái phải tuân thủ state transition đã định nghĩa và không được sử dụng giá trị ngoài enum database.
BR-206: Backend là nguồn quyết định cuối cùng đối với quyền, trạng thái, giá, sức chứa, tồn kho, mức rủi ro và kết quả giao dịch; client không được tự xác lập các giá trị này.
BR-207: Mọi thay đổi liên quan đến nhiều bảng hoặc nhiều bản ghi phải thực hiện trong một transaction; một bước thất bại thì toàn bộ nghiệp vụ phải rollback.
BR-209: Các thao tác có khả năng được gửi lại như thanh toán, hoàn tiền, callback và đồng bộ phải hỗ trợ idempotency để một yêu cầu không được xử lý thành công nhiều lần.
BR-208: Thao tác thất bại không được để lại dữ liệu, trạng thái, số lượng giữ chỗ, số tiền hoặc tồn kho ở trạng thái xử lý dở dang.
BR-131: Ghi thay đổi vào audit_logs với action = booking_cancelled, target_type = booking, target_id = booking_id, actor_id là người thực hiện, before_value, after_value và reason.
BR-132: Hệ thống phải tạo giao dịch refund gắn với booking.
BR-133: Hệ thống phải cập nhật bookings.payment_status = refunded hoặc partially_refunded và payments.status = refunded.
BR-134: Không hoàn tiền hai lần."
CTMS-47,[CTMS-47] Cancel Trip with Insufficient Participants,Hủy Trip không đủ người,Sprint 3,Stretch,/file/spec/ctms-47-cancel-trip-with-insufficient-participants.md,"BR-202, BR-204, BR-205, BR-230, BR-231, BR-242, BR-243, BR-244, BR-210, BR-211, BR-206, BR-207, BR-209, BR-208, BR-218, BR-219, BR-135, BR-136, BR-137, BR-138","BR-202: Tài khoản pending_verification, suspended hoặc deleted không được sử dụng chức năng yêu cầu tài khoản hoạt động, trừ flow xác minh hoặc khôi phục được cho phép.
BR-204: Người dùng chỉ được xem hoặc thay đổi dữ liệu thuộc sở hữu của mình, trừ khi vai trò và quan hệ nghiệp vụ cho phép truy cập dữ liệu của người khác.
BR-205: Mọi dữ liệu đầu vào phải được kiểm tra trường bắt buộc, kiểu dữ liệu, định dạng, độ dài, enum và quan hệ giữa các trường trước khi xử lý.
BR-230: Retry dịch vụ bên ngoài phải có giới hạn và backoff; retry không được tạo bản ghi hoặc giao dịch trùng.
BR-231: API phải trả mã lỗi nhất quán: 401 cho lỗi xác thực, 403 cho thiếu quyền, 404 khi không tìm thấy, 409 cho xung đột nghiệp vụ và 422 cho dữ liệu không hợp lệ.
BR-242: Khi backend từ chối do dữ liệu thay đổi đồng thời, UI phải giữ dữ liệu đã nhập, hiển thị lý do và cho phép tải lại hoặc thực hiện lại.
BR-243: Trường hợp thiếu quyền hoặc không thỏa điều kiện nghiệp vụ không được tạo bất kỳ side effect nào.
BR-244: Thay đổi Business Rule, enum, state transition hoặc API contract phải được cập nhật đồng thời trong Spec, test case và tài liệu dữ liệu trước khi Done.
BR-210: Khi nhiều yêu cầu đồng thời thay đổi cùng tài nguyên, hệ thống phải dùng transaction, locking hoặc version control để ngăn ghi đè và vượt giới hạn nghiệp vụ.
BR-211: Mọi tài nguyên có trạng thái phải tuân thủ state transition đã định nghĩa và không được sử dụng giá trị ngoài enum database.
BR-206: Backend là nguồn quyết định cuối cùng đối với quyền, trạng thái, giá, sức chứa, tồn kho, mức rủi ro và kết quả giao dịch; client không được tự xác lập các giá trị này.
BR-207: Mọi thay đổi liên quan đến nhiều bảng hoặc nhiều bản ghi phải thực hiện trong một transaction; một bước thất bại thì toàn bộ nghiệp vụ phải rollback.
BR-209: Các thao tác có khả năng được gửi lại như thanh toán, hoàn tiền, callback và đồng bộ phải hỗ trợ idempotency để một yêu cầu không được xử lý thành công nhiều lần.
BR-208: Thao tác thất bại không được để lại dữ liệu, trạng thái, số lượng giữ chỗ, số tiền hoặc tồn kho ở trạng thái xử lý dở dang.
BR-218: Quyền truy cập dữ liệu sức khỏe phải dựa trên consent và quan hệ với Trip; khi thu hồi consent, quyền truy cập phải chấm dứt ngay.
BR-219: Mọi thời gian phải được lưu dưới dạng timestamptz và hiển thị theo múi giờ người dùng hoặc địa điểm được cấu hình.
BR-135: Hệ thống phải lưu transaction_ref.
BR-136: Sau booking_deadline, nếu seats_taken < capacity_min thì trips.status = cancelled.
BR-137: Các trip_camp_stays không còn chiếm zone.
BR-138: Equipment_reservations được giải phóng."
CTMS-48,[CTMS-48] Check In Member,Check-in thành viên,Sprint 3,Committed,/file/spec/ctms-48-check-in-member.md,"BR-202, BR-204, BR-205, BR-230, BR-231, BR-242, BR-243, BR-244, BR-210, BR-211, BR-206, BR-207, BR-209, BR-139, BR-140, BR-141, BR-142","BR-202: Tài khoản pending_verification, suspended hoặc deleted không được sử dụng chức năng yêu cầu tài khoản hoạt động, trừ flow xác minh hoặc khôi phục được cho phép.
BR-204: Người dùng chỉ được xem hoặc thay đổi dữ liệu thuộc sở hữu của mình, trừ khi vai trò và quan hệ nghiệp vụ cho phép truy cập dữ liệu của người khác.
BR-205: Mọi dữ liệu đầu vào phải được kiểm tra trường bắt buộc, kiểu dữ liệu, định dạng, độ dài, enum và quan hệ giữa các trường trước khi xử lý.
BR-230: Retry dịch vụ bên ngoài phải có giới hạn và backoff; retry không được tạo bản ghi hoặc giao dịch trùng.
BR-231: API phải trả mã lỗi nhất quán: 401 cho lỗi xác thực, 403 cho thiếu quyền, 404 khi không tìm thấy, 409 cho xung đột nghiệp vụ và 422 cho dữ liệu không hợp lệ.
BR-242: Khi backend từ chối do dữ liệu thay đổi đồng thời, UI phải giữ dữ liệu đã nhập, hiển thị lý do và cho phép tải lại hoặc thực hiện lại.
BR-243: Trường hợp thiếu quyền hoặc không thỏa điều kiện nghiệp vụ không được tạo bất kỳ side effect nào.
BR-244: Thay đổi Business Rule, enum, state transition hoặc API contract phải được cập nhật đồng thời trong Spec, test case và tài liệu dữ liệu trước khi Done.
BR-210: Khi nhiều yêu cầu đồng thời thay đổi cùng tài nguyên, hệ thống phải dùng transaction, locking hoặc version control để ngăn ghi đè và vượt giới hạn nghiệp vụ.
BR-211: Mọi tài nguyên có trạng thái phải tuân thủ state transition đã định nghĩa và không được sử dụng giá trị ngoài enum database.
BR-206: Backend là nguồn quyết định cuối cùng đối với quyền, trạng thái, giá, sức chứa, tồn kho, mức rủi ro và kết quả giao dịch; client không được tự xác lập các giá trị này.
BR-207: Mọi thay đổi liên quan đến nhiều bảng hoặc nhiều bản ghi phải thực hiện trong một transaction; một bước thất bại thì toàn bộ nghiệp vụ phải rollback.
BR-209: Các thao tác có khả năng được gửi lại như thanh toán, hoàn tiền, callback và đồng bộ phải hỗ trợ idempotency để một yêu cầu không được xử lý thành công nhiều lần.
BR-139: Booking được hủy và xử lý hoàn tiền.
BR-140: Chỉ booking có status = confirmed được check-in.
BR-141: Hệ thống phải cập nhật booking_members.member_status = joined và checked_in_at cho từng người.
BR-142: Booking vẫn giữ status = confirmed."
CTMS-49,[CTMS-49] Complete Booking,Hoàn tất booking,Sprint 3,Stretch,/file/spec/ctms-49-complete-booking.md,"BR-202, BR-204, BR-205, BR-230, BR-231, BR-242, BR-243, BR-244, BR-210, BR-211, BR-206, BR-207, BR-209, BR-143, BR-144, BR-145, BR-146","BR-202: Tài khoản pending_verification, suspended hoặc deleted không được sử dụng chức năng yêu cầu tài khoản hoạt động, trừ flow xác minh hoặc khôi phục được cho phép.
BR-204: Người dùng chỉ được xem hoặc thay đổi dữ liệu thuộc sở hữu của mình, trừ khi vai trò và quan hệ nghiệp vụ cho phép truy cập dữ liệu của người khác.
BR-205: Mọi dữ liệu đầu vào phải được kiểm tra trường bắt buộc, kiểu dữ liệu, định dạng, độ dài, enum và quan hệ giữa các trường trước khi xử lý.
BR-230: Retry dịch vụ bên ngoài phải có giới hạn và backoff; retry không được tạo bản ghi hoặc giao dịch trùng.
BR-231: API phải trả mã lỗi nhất quán: 401 cho lỗi xác thực, 403 cho thiếu quyền, 404 khi không tìm thấy, 409 cho xung đột nghiệp vụ và 422 cho dữ liệu không hợp lệ.
BR-242: Khi backend từ chối do dữ liệu thay đổi đồng thời, UI phải giữ dữ liệu đã nhập, hiển thị lý do và cho phép tải lại hoặc thực hiện lại.
BR-243: Trường hợp thiếu quyền hoặc không thỏa điều kiện nghiệp vụ không được tạo bất kỳ side effect nào.
BR-244: Thay đổi Business Rule, enum, state transition hoặc API contract phải được cập nhật đồng thời trong Spec, test case và tài liệu dữ liệu trước khi Done.
BR-210: Khi nhiều yêu cầu đồng thời thay đổi cùng tài nguyên, hệ thống phải dùng transaction, locking hoặc version control để ngăn ghi đè và vượt giới hạn nghiệp vụ.
BR-211: Mọi tài nguyên có trạng thái phải tuân thủ state transition đã định nghĩa và không được sử dụng giá trị ngoài enum database.
BR-206: Backend là nguồn quyết định cuối cùng đối với quyền, trạng thái, giá, sức chứa, tồn kho, mức rủi ro và kết quả giao dịch; client không được tự xác lập các giá trị này.
BR-207: Mọi thay đổi liên quan đến nhiều bảng hoặc nhiều bản ghi phải thực hiện trong một transaction; một bước thất bại thì toàn bộ nghiệp vụ phải rollback.
BR-209: Các thao tác có khả năng được gửi lại như thanh toán, hoàn tiền, callback và đồng bộ phải hỗ trợ idempotency để một yêu cầu không được xử lý thành công nhiều lần.
BR-143: Không check-in thành viên có member_status = removed hoặc booking có status IN (cancelled, expired).
BR-144: Hệ thống phải cập nhật booking_members.member_status = left và left_at.
BR-145: Booking chỉ chuyển status = completed khi Trip đã kết thúc và các thành viên đã được xử lý.
BR-146: Hệ thống phải kiểm tra thiết bị thuê đã trả hoặc ghi nhận chưa trả."
CTMS-50,[CTMS-50] Mark Member as No Show,Đánh dấu thành viên không xuất hiện,Sprint 3,Stretch,/file/spec/ctms-50-mark-member-as-no-show.md,"BR-202, BR-204, BR-205, BR-230, BR-231, BR-242, BR-243, BR-244, BR-210, BR-211, BR-206, BR-207, BR-209, BR-218, BR-219, BR-147, BR-148, BR-149","BR-202: Tài khoản pending_verification, suspended hoặc deleted không được sử dụng chức năng yêu cầu tài khoản hoạt động, trừ flow xác minh hoặc khôi phục được cho phép.
BR-204: Người dùng chỉ được xem hoặc thay đổi dữ liệu thuộc sở hữu của mình, trừ khi vai trò và quan hệ nghiệp vụ cho phép truy cập dữ liệu của người khác.
BR-205: Mọi dữ liệu đầu vào phải được kiểm tra trường bắt buộc, kiểu dữ liệu, định dạng, độ dài, enum và quan hệ giữa các trường trước khi xử lý.
BR-230: Retry dịch vụ bên ngoài phải có giới hạn và backoff; retry không được tạo bản ghi hoặc giao dịch trùng.
BR-231: API phải trả mã lỗi nhất quán: 401 cho lỗi xác thực, 403 cho thiếu quyền, 404 khi không tìm thấy, 409 cho xung đột nghiệp vụ và 422 cho dữ liệu không hợp lệ.
BR-242: Khi backend từ chối do dữ liệu thay đổi đồng thời, UI phải giữ dữ liệu đã nhập, hiển thị lý do và cho phép tải lại hoặc thực hiện lại.
BR-243: Trường hợp thiếu quyền hoặc không thỏa điều kiện nghiệp vụ không được tạo bất kỳ side effect nào.
BR-244: Thay đổi Business Rule, enum, state transition hoặc API contract phải được cập nhật đồng thời trong Spec, test case và tài liệu dữ liệu trước khi Done.
BR-210: Khi nhiều yêu cầu đồng thời thay đổi cùng tài nguyên, hệ thống phải dùng transaction, locking hoặc version control để ngăn ghi đè và vượt giới hạn nghiệp vụ.
BR-211: Mọi tài nguyên có trạng thái phải tuân thủ state transition đã định nghĩa và không được sử dụng giá trị ngoài enum database.
BR-206: Backend là nguồn quyết định cuối cùng đối với quyền, trạng thái, giá, sức chứa, tồn kho, mức rủi ro và kết quả giao dịch; client không được tự xác lập các giá trị này.
BR-207: Mọi thay đổi liên quan đến nhiều bảng hoặc nhiều bản ghi phải thực hiện trong một transaction; một bước thất bại thì toàn bộ nghiệp vụ phải rollback.
BR-209: Các thao tác có khả năng được gửi lại như thanh toán, hoàn tiền, callback và đồng bộ phải hỗ trợ idempotency để một yêu cầu không được xử lý thành công nhiều lần.
BR-218: Quyền truy cập dữ liệu sức khỏe phải dựa trên consent và quan hệ với Trip; khi thu hồi consent, quyền truy cập phải chấm dứt ngay.
BR-219: Mọi thời gian phải được lưu dưới dạng timestamptz và hiển thị theo múi giờ người dùng hoặc địa điểm được cấu hình.
BR-147: Sau đó cho phép đánh giá.
BR-148: Sau thời điểm khởi hành, thành viên có member_status = registered nhưng chưa check-in có thể chuyển member_status = no_show.
BR-149: Hệ thống phải lưu người thao tác và thời gian."
CTMS-51,[CTMS-51] Add Services to Booking,Thêm dịch vụ vào booking,Sprint 3,Stretch,/file/spec/ctms-51-add-services-to-booking.md,"BR-202, BR-204, BR-205, BR-230, BR-231, BR-242, BR-243, BR-244, BR-206, BR-207, BR-209, BR-150, BR-151, BR-152","BR-202: Tài khoản pending_verification, suspended hoặc deleted không được sử dụng chức năng yêu cầu tài khoản hoạt động, trừ flow xác minh hoặc khôi phục được cho phép.
BR-204: Người dùng chỉ được xem hoặc thay đổi dữ liệu thuộc sở hữu của mình, trừ khi vai trò và quan hệ nghiệp vụ cho phép truy cập dữ liệu của người khác.
BR-205: Mọi dữ liệu đầu vào phải được kiểm tra trường bắt buộc, kiểu dữ liệu, định dạng, độ dài, enum và quan hệ giữa các trường trước khi xử lý.
BR-230: Retry dịch vụ bên ngoài phải có giới hạn và backoff; retry không được tạo bản ghi hoặc giao dịch trùng.
BR-231: API phải trả mã lỗi nhất quán: 401 cho lỗi xác thực, 403 cho thiếu quyền, 404 khi không tìm thấy, 409 cho xung đột nghiệp vụ và 422 cho dữ liệu không hợp lệ.
BR-242: Khi backend từ chối do dữ liệu thay đổi đồng thời, UI phải giữ dữ liệu đã nhập, hiển thị lý do và cho phép tải lại hoặc thực hiện lại.
BR-243: Trường hợp thiếu quyền hoặc không thỏa điều kiện nghiệp vụ không được tạo bất kỳ side effect nào.
BR-244: Thay đổi Business Rule, enum, state transition hoặc API contract phải được cập nhật đồng thời trong Spec, test case và tài liệu dữ liệu trước khi Done.
BR-206: Backend là nguồn quyết định cuối cùng đối với quyền, trạng thái, giá, sức chứa, tồn kho, mức rủi ro và kết quả giao dịch; client không được tự xác lập các giá trị này.
BR-207: Mọi thay đổi liên quan đến nhiều bảng hoặc nhiều bản ghi phải thực hiện trong một transaction; một bước thất bại thì toàn bộ nghiệp vụ phải rollback.
BR-209: Các thao tác có khả năng được gửi lại như thanh toán, hoàn tiền, callback và đồng bộ phải hỗ trợ idempotency để một yêu cầu không được xử lý thành công nhiều lần.
BR-150: Booking không có status no_show vì trạng thái này thuộc từng booking_member.
BR-151: Hệ thống phải lưu booking_items với item_type, ref_id, quantity và price.
BR-152: Hệ thống phải cập nhật surcharge và total_amount."
CTMS-52,[CTMS-52] Manage Equipment Catalog,Quản lý danh mục thiết bị,Sprint 3,Stretch,/file/spec/ctms-52-manage-equipment-catalog.md,"BR-202, BR-204, BR-205, BR-230, BR-231, BR-242, BR-243, BR-244, BR-210, BR-211, BR-206, BR-207, BR-209, BR-234, BR-235, BR-153, BR-154, BR-155","BR-202: Tài khoản pending_verification, suspended hoặc deleted không được sử dụng chức năng yêu cầu tài khoản hoạt động, trừ flow xác minh hoặc khôi phục được cho phép.
BR-204: Người dùng chỉ được xem hoặc thay đổi dữ liệu thuộc sở hữu của mình, trừ khi vai trò và quan hệ nghiệp vụ cho phép truy cập dữ liệu của người khác.
BR-205: Mọi dữ liệu đầu vào phải được kiểm tra trường bắt buộc, kiểu dữ liệu, định dạng, độ dài, enum và quan hệ giữa các trường trước khi xử lý.
BR-230: Retry dịch vụ bên ngoài phải có giới hạn và backoff; retry không được tạo bản ghi hoặc giao dịch trùng.
BR-231: API phải trả mã lỗi nhất quán: 401 cho lỗi xác thực, 403 cho thiếu quyền, 404 khi không tìm thấy, 409 cho xung đột nghiệp vụ và 422 cho dữ liệu không hợp lệ.
BR-242: Khi backend từ chối do dữ liệu thay đổi đồng thời, UI phải giữ dữ liệu đã nhập, hiển thị lý do và cho phép tải lại hoặc thực hiện lại.
BR-243: Trường hợp thiếu quyền hoặc không thỏa điều kiện nghiệp vụ không được tạo bất kỳ side effect nào.
BR-244: Thay đổi Business Rule, enum, state transition hoặc API contract phải được cập nhật đồng thời trong Spec, test case và tài liệu dữ liệu trước khi Done.
BR-210: Khi nhiều yêu cầu đồng thời thay đổi cùng tài nguyên, hệ thống phải dùng transaction, locking hoặc version control để ngăn ghi đè và vượt giới hạn nghiệp vụ.
BR-211: Mọi tài nguyên có trạng thái phải tuân thủ state transition đã định nghĩa và không được sử dụng giá trị ngoài enum database.
BR-206: Backend là nguồn quyết định cuối cùng đối với quyền, trạng thái, giá, sức chứa, tồn kho, mức rủi ro và kết quả giao dịch; client không được tự xác lập các giá trị này.
BR-207: Mọi thay đổi liên quan đến nhiều bảng hoặc nhiều bản ghi phải thực hiện trong một transaction; một bước thất bại thì toàn bộ nghiệp vụ phải rollback.
BR-209: Các thao tác có khả năng được gửi lại như thanh toán, hoàn tiền, callback và đồng bộ phải hỗ trợ idempotency để một yêu cầu không được xử lý thành công nhiều lần.
BR-234: Danh sách công khai chỉ được chứa tài nguyên ở trạng thái cho phép công khai; draft, suspended, closed hoặc archived không được hiển thị nếu không có quy định khác.
BR-235: Media phải lưu URL và metadata cần thiết; URL client cung cấp chỉ hợp lệ sau khi hoàn tất quy trình upload/xác minh.
BR-153: Thiết bị thuê không được lưu ở booking_items mà sử dụng equipment_reservations.
BR-154: Hệ thống phải tạo và sửa danh mục equipment.
BR-155: Không dùng xóa mềm vì bảng equipment không có deleted_at. Khi ngừng sử dụng, chuyển equipment.status sang maintenance, lost hoặc retired tùy ngữ cảnh."
CTMS-53,[CTMS-53] Rent Equipment with Booking,Thuê thiết bị cùng booking,Sprint 3,Stretch,/file/spec/ctms-53-rent-equipment-with-booking.md,"BR-202, BR-204, BR-205, BR-230, BR-231, BR-242, BR-243, BR-244, BR-206, BR-207, BR-209, BR-218, BR-219, BR-156, BR-157, BR-158","BR-202: Tài khoản pending_verification, suspended hoặc deleted không được sử dụng chức năng yêu cầu tài khoản hoạt động, trừ flow xác minh hoặc khôi phục được cho phép.
BR-204: Người dùng chỉ được xem hoặc thay đổi dữ liệu thuộc sở hữu của mình, trừ khi vai trò và quan hệ nghiệp vụ cho phép truy cập dữ liệu của người khác.
BR-205: Mọi dữ liệu đầu vào phải được kiểm tra trường bắt buộc, kiểu dữ liệu, định dạng, độ dài, enum và quan hệ giữa các trường trước khi xử lý.
BR-230: Retry dịch vụ bên ngoài phải có giới hạn và backoff; retry không được tạo bản ghi hoặc giao dịch trùng.
BR-231: API phải trả mã lỗi nhất quán: 401 cho lỗi xác thực, 403 cho thiếu quyền, 404 khi không tìm thấy, 409 cho xung đột nghiệp vụ và 422 cho dữ liệu không hợp lệ.
BR-242: Khi backend từ chối do dữ liệu thay đổi đồng thời, UI phải giữ dữ liệu đã nhập, hiển thị lý do và cho phép tải lại hoặc thực hiện lại.
BR-243: Trường hợp thiếu quyền hoặc không thỏa điều kiện nghiệp vụ không được tạo bất kỳ side effect nào.
BR-244: Thay đổi Business Rule, enum, state transition hoặc API contract phải được cập nhật đồng thời trong Spec, test case và tài liệu dữ liệu trước khi Done.
BR-206: Backend là nguồn quyết định cuối cùng đối với quyền, trạng thái, giá, sức chứa, tồn kho, mức rủi ro và kết quả giao dịch; client không được tự xác lập các giá trị này.
BR-207: Mọi thay đổi liên quan đến nhiều bảng hoặc nhiều bản ghi phải thực hiện trong một transaction; một bước thất bại thì toàn bộ nghiệp vụ phải rollback.
BR-209: Các thao tác có khả năng được gửi lại như thanh toán, hoàn tiền, callback và đồng bộ phải hỗ trợ idempotency để một yêu cầu không được xử lý thành công nhiều lần.
BR-218: Quyền truy cập dữ liệu sức khỏe phải dựa trên consent và quan hệ với Trip; khi thu hồi consent, quyền truy cập phải chấm dứt ngay.
BR-219: Mọi thời gian phải được lưu dưới dạng timestamptz và hiển thị theo múi giờ người dùng hoặc địa điểm được cấu hình.
BR-156: Hệ thống phải lưu quantity_total, rental_price_per_day, deposit_amount, storage_location và maintenance_schedule.
BR-157: Chỉ hiển thị thiết bị còn tồn theo ngày.
BR-158: Hệ thống phải tính phí."
CTMS-54,[CTMS-54] Record Equipment Handover at Check In,Ghi nhận bàn giao thiết bị khi check-in,Sprint 3,Stretch,/file/spec/ctms-54-record-equipment-handover-at-check-in.md,"BR-202, BR-204, BR-205, BR-230, BR-231, BR-242, BR-243, BR-244, BR-210, BR-211, BR-206, BR-207, BR-209, BR-218, BR-219, BR-159, BR-160, BR-161","BR-202: Tài khoản pending_verification, suspended hoặc deleted không được sử dụng chức năng yêu cầu tài khoản hoạt động, trừ flow xác minh hoặc khôi phục được cho phép.
BR-204: Người dùng chỉ được xem hoặc thay đổi dữ liệu thuộc sở hữu của mình, trừ khi vai trò và quan hệ nghiệp vụ cho phép truy cập dữ liệu của người khác.
BR-205: Mọi dữ liệu đầu vào phải được kiểm tra trường bắt buộc, kiểu dữ liệu, định dạng, độ dài, enum và quan hệ giữa các trường trước khi xử lý.
BR-230: Retry dịch vụ bên ngoài phải có giới hạn và backoff; retry không được tạo bản ghi hoặc giao dịch trùng.
BR-231: API phải trả mã lỗi nhất quán: 401 cho lỗi xác thực, 403 cho thiếu quyền, 404 khi không tìm thấy, 409 cho xung đột nghiệp vụ và 422 cho dữ liệu không hợp lệ.
BR-242: Khi backend từ chối do dữ liệu thay đổi đồng thời, UI phải giữ dữ liệu đã nhập, hiển thị lý do và cho phép tải lại hoặc thực hiện lại.
BR-243: Trường hợp thiếu quyền hoặc không thỏa điều kiện nghiệp vụ không được tạo bất kỳ side effect nào.
BR-244: Thay đổi Business Rule, enum, state transition hoặc API contract phải được cập nhật đồng thời trong Spec, test case và tài liệu dữ liệu trước khi Done.
BR-210: Khi nhiều yêu cầu đồng thời thay đổi cùng tài nguyên, hệ thống phải dùng transaction, locking hoặc version control để ngăn ghi đè và vượt giới hạn nghiệp vụ.
BR-211: Mọi tài nguyên có trạng thái phải tuân thủ state transition đã định nghĩa và không được sử dụng giá trị ngoài enum database.
BR-206: Backend là nguồn quyết định cuối cùng đối với quyền, trạng thái, giá, sức chứa, tồn kho, mức rủi ro và kết quả giao dịch; client không được tự xác lập các giá trị này.
BR-207: Mọi thay đổi liên quan đến nhiều bảng hoặc nhiều bản ghi phải thực hiện trong một transaction; một bước thất bại thì toàn bộ nghiệp vụ phải rollback.
BR-209: Các thao tác có khả năng được gửi lại như thanh toán, hoàn tiền, callback và đồng bộ phải hỗ trợ idempotency để một yêu cầu không được xử lý thành công nhiều lần.
BR-218: Quyền truy cập dữ liệu sức khỏe phải dựa trên consent và quan hệ với Trip; khi thu hồi consent, quyền truy cập phải chấm dứt ngay.
BR-219: Mọi thời gian phải được lưu dưới dạng timestamptz và hiển thị theo múi giờ người dùng hoặc địa điểm được cấu hình.
BR-159: Không cho thuê vượt số lượng.
BR-160: Khi bàn giao, cập nhật equipment_reservations.status = picked_up và picked_up_at.
BR-161: Nếu gán thiết bị cụ thể thì cập nhật equipment_items.status = in_use. Không chuyển toàn bộ bản ghi loại thiết bị trong bảng equipment sang in_use."
CTMS-55,[CTMS-55] Record Damaged Lost or Returned Equipment,"Ghi nhận thiết bị hỏng, mất hoặc đã hoàn trả",Sprint 3,Stretch,/file/spec/ctms-55-record-damaged-lost-or-returned-equipment.md,"BR-202, BR-204, BR-205, BR-230, BR-231, BR-242, BR-243, BR-244, BR-210, BR-211, BR-206, BR-207, BR-209, BR-162, BR-163, BR-164, BR-165","BR-202: Tài khoản pending_verification, suspended hoặc deleted không được sử dụng chức năng yêu cầu tài khoản hoạt động, trừ flow xác minh hoặc khôi phục được cho phép.
BR-204: Người dùng chỉ được xem hoặc thay đổi dữ liệu thuộc sở hữu của mình, trừ khi vai trò và quan hệ nghiệp vụ cho phép truy cập dữ liệu của người khác.
BR-205: Mọi dữ liệu đầu vào phải được kiểm tra trường bắt buộc, kiểu dữ liệu, định dạng, độ dài, enum và quan hệ giữa các trường trước khi xử lý.
BR-230: Retry dịch vụ bên ngoài phải có giới hạn và backoff; retry không được tạo bản ghi hoặc giao dịch trùng.
BR-231: API phải trả mã lỗi nhất quán: 401 cho lỗi xác thực, 403 cho thiếu quyền, 404 khi không tìm thấy, 409 cho xung đột nghiệp vụ và 422 cho dữ liệu không hợp lệ.
BR-242: Khi backend từ chối do dữ liệu thay đổi đồng thời, UI phải giữ dữ liệu đã nhập, hiển thị lý do và cho phép tải lại hoặc thực hiện lại.
BR-243: Trường hợp thiếu quyền hoặc không thỏa điều kiện nghiệp vụ không được tạo bất kỳ side effect nào.
BR-244: Thay đổi Business Rule, enum, state transition hoặc API contract phải được cập nhật đồng thời trong Spec, test case và tài liệu dữ liệu trước khi Done.
BR-210: Khi nhiều yêu cầu đồng thời thay đổi cùng tài nguyên, hệ thống phải dùng transaction, locking hoặc version control để ngăn ghi đè và vượt giới hạn nghiệp vụ.
BR-211: Mọi tài nguyên có trạng thái phải tuân thủ state transition đã định nghĩa và không được sử dụng giá trị ngoài enum database.
BR-206: Backend là nguồn quyết định cuối cùng đối với quyền, trạng thái, giá, sức chứa, tồn kho, mức rủi ro và kết quả giao dịch; client không được tự xác lập các giá trị này.
BR-207: Mọi thay đổi liên quan đến nhiều bảng hoặc nhiều bản ghi phải thực hiện trong một transaction; một bước thất bại thì toàn bộ nghiệp vụ phải rollback.
BR-209: Các thao tác có khả năng được gửi lại như thanh toán, hoàn tiền, callback và đồng bộ phải hỗ trợ idempotency để một yêu cầu không được xử lý thành công nhiều lần.
BR-162: Hệ thống phải lưu người nhận và thời gian bàn giao.
BR-163: Khi hoàn trả, cập nhật equipment_reservations.status = returned và thiết bị cụ thể về status = available nếu còn tốt.
BR-164: Thiết bị hỏng chuyển equipment_items.status = maintenance và tạo equipment_damage_logs.
BR-165: Thiết bị mất chuyển status = lost."
CTMS-56,[CTMS-56] Receive Personalized Packing List for Trip,Nhận packing list cá nhân hóa cho chuyến đi,Sprint 3,Stretch,/file/spec/ctms-56-receive-personalized-packing-list-for-trip.md,"BR-202, BR-204, BR-205, BR-230, BR-231, BR-242, BR-243, BR-244, BR-206, BR-207, BR-209, BR-228, BR-229, BR-232, BR-233, BR-166, BR-167","BR-202: Tài khoản pending_verification, suspended hoặc deleted không được sử dụng chức năng yêu cầu tài khoản hoạt động, trừ flow xác minh hoặc khôi phục được cho phép.
BR-204: Người dùng chỉ được xem hoặc thay đổi dữ liệu thuộc sở hữu của mình, trừ khi vai trò và quan hệ nghiệp vụ cho phép truy cập dữ liệu của người khác.
BR-205: Mọi dữ liệu đầu vào phải được kiểm tra trường bắt buộc, kiểu dữ liệu, định dạng, độ dài, enum và quan hệ giữa các trường trước khi xử lý.
BR-230: Retry dịch vụ bên ngoài phải có giới hạn và backoff; retry không được tạo bản ghi hoặc giao dịch trùng.
BR-231: API phải trả mã lỗi nhất quán: 401 cho lỗi xác thực, 403 cho thiếu quyền, 404 khi không tìm thấy, 409 cho xung đột nghiệp vụ và 422 cho dữ liệu không hợp lệ.
BR-242: Khi backend từ chối do dữ liệu thay đổi đồng thời, UI phải giữ dữ liệu đã nhập, hiển thị lý do và cho phép tải lại hoặc thực hiện lại.
BR-243: Trường hợp thiếu quyền hoặc không thỏa điều kiện nghiệp vụ không được tạo bất kỳ side effect nào.
BR-244: Thay đổi Business Rule, enum, state transition hoặc API contract phải được cập nhật đồng thời trong Spec, test case và tài liệu dữ liệu trước khi Done.
BR-206: Backend là nguồn quyết định cuối cùng đối với quyền, trạng thái, giá, sức chứa, tồn kho, mức rủi ro và kết quả giao dịch; client không được tự xác lập các giá trị này.
BR-207: Mọi thay đổi liên quan đến nhiều bảng hoặc nhiều bản ghi phải thực hiện trong một transaction; một bước thất bại thì toàn bộ nghiệp vụ phải rollback.
BR-209: Các thao tác có khả năng được gửi lại như thanh toán, hoàn tiền, callback và đồng bộ phải hỗ trợ idempotency để một yêu cầu không được xử lý thành công nhiều lần.
BR-228: Người dùng có thể tắt thông báo thông thường, nhưng cảnh báo an toàn hoặc khẩn cấp bắt buộc không được vô hiệu hóa khi đang tham gia Trip liên quan.
BR-229: Khi dịch vụ bên ngoài timeout hoặc trả dữ liệu thiếu, hệ thống phải ghi nhận lỗi, không giả định thành công và không tạo dữ liệu không thể xác minh.
BR-232: Thông báo lỗi phải rõ ràng, có thể hành động và không tiết lộ stack trace, dữ liệu bí mật hoặc tài nguyên người dùng không có quyền xem.
BR-233: API trả danh sách phải hỗ trợ phân trang và giới hạn số bản ghi; chỉ cho phép lọc và sắp xếp trên các trường được công bố.
BR-166: Quá hạn chưa trả chuyển reservation.status = not_returned.
BR-167: Danh sách dựa trên thời tiết, thời lượng, độ khó và thiết bị đã thuê."
CTMS-57,[CTMS-57] Create Experience and Certification Profile,Tạo hồ sơ kinh nghiệm và chứng chỉ,Sprint 3,Stretch,/file/spec/ctms-57-create-experience-and-certification-profile.md,"BR-202, BR-204, BR-205, BR-230, BR-231, BR-242, BR-243, BR-244, BR-210, BR-211, BR-168, BR-169","BR-202: Tài khoản pending_verification, suspended hoặc deleted không được sử dụng chức năng yêu cầu tài khoản hoạt động, trừ flow xác minh hoặc khôi phục được cho phép.
BR-204: Người dùng chỉ được xem hoặc thay đổi dữ liệu thuộc sở hữu của mình, trừ khi vai trò và quan hệ nghiệp vụ cho phép truy cập dữ liệu của người khác.
BR-205: Mọi dữ liệu đầu vào phải được kiểm tra trường bắt buộc, kiểu dữ liệu, định dạng, độ dài, enum và quan hệ giữa các trường trước khi xử lý.
BR-230: Retry dịch vụ bên ngoài phải có giới hạn và backoff; retry không được tạo bản ghi hoặc giao dịch trùng.
BR-231: API phải trả mã lỗi nhất quán: 401 cho lỗi xác thực, 403 cho thiếu quyền, 404 khi không tìm thấy, 409 cho xung đột nghiệp vụ và 422 cho dữ liệu không hợp lệ.
BR-242: Khi backend từ chối do dữ liệu thay đổi đồng thời, UI phải giữ dữ liệu đã nhập, hiển thị lý do và cho phép tải lại hoặc thực hiện lại.
BR-243: Trường hợp thiếu quyền hoặc không thỏa điều kiện nghiệp vụ không được tạo bất kỳ side effect nào.
BR-244: Thay đổi Business Rule, enum, state transition hoặc API contract phải được cập nhật đồng thời trong Spec, test case và tài liệu dữ liệu trước khi Done.
BR-210: Khi nhiều yêu cầu đồng thời thay đổi cùng tài nguyên, hệ thống phải dùng transaction, locking hoặc version control để ngăn ghi đè và vượt giới hạn nghiệp vụ.
BR-211: Mọi tài nguyên có trạng thái phải tuân thủ state transition đã định nghĩa và không được sử dụng giá trị ngoài enum database.
BR-168: Phân loại bắt buộc và khuyến nghị.
BR-169: Hệ thống phải lưu experience_years, certifications, languages và availability_status trong porter_profiles."
CTMS-58,[CTMS-58] View Available Porters,Xem danh sách Porter đang sẵn sàng,Sprint 3,Stretch,/file/spec/ctms-58-view-available-porters.md,"BR-202, BR-204, BR-205, BR-230, BR-231, BR-242, BR-243, BR-244, BR-210, BR-211, BR-232, BR-233, BR-170, BR-171","BR-202: Tài khoản pending_verification, suspended hoặc deleted không được sử dụng chức năng yêu cầu tài khoản hoạt động, trừ flow xác minh hoặc khôi phục được cho phép.
BR-204: Người dùng chỉ được xem hoặc thay đổi dữ liệu thuộc sở hữu của mình, trừ khi vai trò và quan hệ nghiệp vụ cho phép truy cập dữ liệu của người khác.
BR-205: Mọi dữ liệu đầu vào phải được kiểm tra trường bắt buộc, kiểu dữ liệu, định dạng, độ dài, enum và quan hệ giữa các trường trước khi xử lý.
BR-230: Retry dịch vụ bên ngoài phải có giới hạn và backoff; retry không được tạo bản ghi hoặc giao dịch trùng.
BR-231: API phải trả mã lỗi nhất quán: 401 cho lỗi xác thực, 403 cho thiếu quyền, 404 khi không tìm thấy, 409 cho xung đột nghiệp vụ và 422 cho dữ liệu không hợp lệ.
BR-242: Khi backend từ chối do dữ liệu thay đổi đồng thời, UI phải giữ dữ liệu đã nhập, hiển thị lý do và cho phép tải lại hoặc thực hiện lại.
BR-243: Trường hợp thiếu quyền hoặc không thỏa điều kiện nghiệp vụ không được tạo bất kỳ side effect nào.
BR-244: Thay đổi Business Rule, enum, state transition hoặc API contract phải được cập nhật đồng thời trong Spec, test case và tài liệu dữ liệu trước khi Done.
BR-210: Khi nhiều yêu cầu đồng thời thay đổi cùng tài nguyên, hệ thống phải dùng transaction, locking hoặc version control để ngăn ghi đè và vượt giới hạn nghiệp vụ.
BR-211: Mọi tài nguyên có trạng thái phải tuân thủ state transition đã định nghĩa và không được sử dụng giá trị ngoài enum database.
BR-232: Thông báo lỗi phải rõ ràng, có thể hành động và không tiết lộ stack trace, dữ liệu bí mật hoặc tài nguyên người dùng không có quyền xem.
BR-233: API trả danh sách phải hỗ trợ phân trang và giới hạn số bản ghi; chỉ cho phép lọc và sắp xếp trên các trường được công bố.
BR-170: Không lưu khu vực hoạt động tại porter_profiles vì campsite hoạt động được quản lý qua campsite_porters và lời mời tham gia campsite.
BR-171: Có bộ lọc theo lịch, tuyến, kinh nghiệm và trạng thái."
CTMS-59,[CTMS-59] Invite Porter to Campsite,Mời Porter vào campsite,Sprint 3,Stretch,/file/spec/ctms-59-invite-porter-to-campsite.md,"BR-202, BR-204, BR-205, BR-230, BR-231, BR-242, BR-243, BR-244, BR-210, BR-211, BR-225, BR-226, BR-172, BR-173, BR-174, BR-175","BR-202: Tài khoản pending_verification, suspended hoặc deleted không được sử dụng chức năng yêu cầu tài khoản hoạt động, trừ flow xác minh hoặc khôi phục được cho phép.
BR-204: Người dùng chỉ được xem hoặc thay đổi dữ liệu thuộc sở hữu của mình, trừ khi vai trò và quan hệ nghiệp vụ cho phép truy cập dữ liệu của người khác.
BR-205: Mọi dữ liệu đầu vào phải được kiểm tra trường bắt buộc, kiểu dữ liệu, định dạng, độ dài, enum và quan hệ giữa các trường trước khi xử lý.
BR-230: Retry dịch vụ bên ngoài phải có giới hạn và backoff; retry không được tạo bản ghi hoặc giao dịch trùng.
BR-231: API phải trả mã lỗi nhất quán: 401 cho lỗi xác thực, 403 cho thiếu quyền, 404 khi không tìm thấy, 409 cho xung đột nghiệp vụ và 422 cho dữ liệu không hợp lệ.
BR-242: Khi backend từ chối do dữ liệu thay đổi đồng thời, UI phải giữ dữ liệu đã nhập, hiển thị lý do và cho phép tải lại hoặc thực hiện lại.
BR-243: Trường hợp thiếu quyền hoặc không thỏa điều kiện nghiệp vụ không được tạo bất kỳ side effect nào.
BR-244: Thay đổi Business Rule, enum, state transition hoặc API contract phải được cập nhật đồng thời trong Spec, test case và tài liệu dữ liệu trước khi Done.
BR-210: Khi nhiều yêu cầu đồng thời thay đổi cùng tài nguyên, hệ thống phải dùng transaction, locking hoặc version control để ngăn ghi đè và vượt giới hạn nghiệp vụ.
BR-211: Mọi tài nguyên có trạng thái phải tuân thủ state transition đã định nghĩa và không được sử dụng giá trị ngoài enum database.
BR-225: Hành động tự động phải ghi actor_id = NULL hoặc system actor và có lý do thực hiện rõ ràng.
BR-226: Notification chỉ được phát sau khi thay đổi nghiệp vụ thành công; gửi notification thất bại không được làm mất kết quả giao dịch chính.
BR-172: Không hiển thị Porter trùng lịch.
BR-173: Hệ thống phải tạo campsite_porters với status = invited.
BR-174: Không tạo trùng cặp campsite_id và porter_id.
BR-175: Hệ thống phải lưu invited_by và day_rate."
CTMS-60,[CTMS-60] Respond to Campsite Invitation,Phản hồi lời mời campsite,Sprint 3,Stretch,/file/spec/ctms-60-respond-to-campsite-invitation.md,"BR-202, BR-204, BR-205, BR-230, BR-231, BR-242, BR-243, BR-244, BR-210, BR-211, BR-225, BR-226, BR-176, BR-177, BR-178, BR-179, BR-180","BR-202: Tài khoản pending_verification, suspended hoặc deleted không được sử dụng chức năng yêu cầu tài khoản hoạt động, trừ flow xác minh hoặc khôi phục được cho phép.
BR-204: Người dùng chỉ được xem hoặc thay đổi dữ liệu thuộc sở hữu của mình, trừ khi vai trò và quan hệ nghiệp vụ cho phép truy cập dữ liệu của người khác.
BR-205: Mọi dữ liệu đầu vào phải được kiểm tra trường bắt buộc, kiểu dữ liệu, định dạng, độ dài, enum và quan hệ giữa các trường trước khi xử lý.
BR-230: Retry dịch vụ bên ngoài phải có giới hạn và backoff; retry không được tạo bản ghi hoặc giao dịch trùng.
BR-231: API phải trả mã lỗi nhất quán: 401 cho lỗi xác thực, 403 cho thiếu quyền, 404 khi không tìm thấy, 409 cho xung đột nghiệp vụ và 422 cho dữ liệu không hợp lệ.
BR-242: Khi backend từ chối do dữ liệu thay đổi đồng thời, UI phải giữ dữ liệu đã nhập, hiển thị lý do và cho phép tải lại hoặc thực hiện lại.
BR-243: Trường hợp thiếu quyền hoặc không thỏa điều kiện nghiệp vụ không được tạo bất kỳ side effect nào.
BR-244: Thay đổi Business Rule, enum, state transition hoặc API contract phải được cập nhật đồng thời trong Spec, test case và tài liệu dữ liệu trước khi Done.
BR-210: Khi nhiều yêu cầu đồng thời thay đổi cùng tài nguyên, hệ thống phải dùng transaction, locking hoặc version control để ngăn ghi đè và vượt giới hạn nghiệp vụ.
BR-211: Mọi tài nguyên có trạng thái phải tuân thủ state transition đã định nghĩa và không được sử dụng giá trị ngoài enum database.
BR-225: Hành động tự động phải ghi actor_id = NULL hoặc system actor và có lý do thực hiện rõ ràng.
BR-226: Notification chỉ được phát sau khi thay đổi nghiệp vụ thành công; gửi notification thất bại không được làm mất kết quả giao dịch chính.
BR-176: Porter nhận thông báo.
BR-177: Porter chỉ phản hồi lời mời của chính mình.
BR-178: Chấp nhận chuyển campsite_porters.status = active và ghi joined_at.
BR-179: Từ chối hoặc rời campsite chuyển status = removed.
BR-180: Tạm nghỉ chuyển status = paused."
CTMS-61,[CTMS-61] Verify Porter Qualification for Route,Xác minh năng lực Porter theo route,Sprint 3,Stretch,/file/spec/ctms-61-verify-porter-qualification-for-route.md,"BR-202, BR-204, BR-205, BR-230, BR-231, BR-242, BR-243, BR-244, BR-210, BR-211, BR-181, BR-182, BR-183, BR-184","BR-202: Tài khoản pending_verification, suspended hoặc deleted không được sử dụng chức năng yêu cầu tài khoản hoạt động, trừ flow xác minh hoặc khôi phục được cho phép.
BR-204: Người dùng chỉ được xem hoặc thay đổi dữ liệu thuộc sở hữu của mình, trừ khi vai trò và quan hệ nghiệp vụ cho phép truy cập dữ liệu của người khác.
BR-205: Mọi dữ liệu đầu vào phải được kiểm tra trường bắt buộc, kiểu dữ liệu, định dạng, độ dài, enum và quan hệ giữa các trường trước khi xử lý.
BR-230: Retry dịch vụ bên ngoài phải có giới hạn và backoff; retry không được tạo bản ghi hoặc giao dịch trùng.
BR-231: API phải trả mã lỗi nhất quán: 401 cho lỗi xác thực, 403 cho thiếu quyền, 404 khi không tìm thấy, 409 cho xung đột nghiệp vụ và 422 cho dữ liệu không hợp lệ.
BR-242: Khi backend từ chối do dữ liệu thay đổi đồng thời, UI phải giữ dữ liệu đã nhập, hiển thị lý do và cho phép tải lại hoặc thực hiện lại.
BR-243: Trường hợp thiếu quyền hoặc không thỏa điều kiện nghiệp vụ không được tạo bất kỳ side effect nào.
BR-244: Thay đổi Business Rule, enum, state transition hoặc API contract phải được cập nhật đồng thời trong Spec, test case và tài liệu dữ liệu trước khi Done.
BR-210: Khi nhiều yêu cầu đồng thời thay đổi cùng tài nguyên, hệ thống phải dùng transaction, locking hoặc version control để ngăn ghi đè và vượt giới hạn nghiệp vụ.
BR-211: Mọi tài nguyên có trạng thái phải tuân thủ state transition đã định nghĩa và không được sử dụng giá trị ngoài enum database.
BR-181: Host nhận thông báo.
BR-182: Chỉ Porter có campsite_porters.status = active tại campsite của route mới được gán proficiency.
BR-183: Porter_routes.proficiency sử dụng learning, proficient hoặc expert.
BR-184: Hệ thống phải lưu times_led, verified_by và verified_at."
CTMS-62,[CTMS-62] Assign Porter to Trekking Trip,Phân công Porter cho chuyến trekking,Sprint 3,Stretch,/file/spec/ctms-62-assign-porter-to-trekking-trip.md,"BR-202, BR-204, BR-205, BR-230, BR-231, BR-242, BR-243, BR-244, BR-210, BR-211, BR-225, BR-226, BR-185, BR-186, BR-187, BR-188","BR-202: Tài khoản pending_verification, suspended hoặc deleted không được sử dụng chức năng yêu cầu tài khoản hoạt động, trừ flow xác minh hoặc khôi phục được cho phép.
BR-204: Người dùng chỉ được xem hoặc thay đổi dữ liệu thuộc sở hữu của mình, trừ khi vai trò và quan hệ nghiệp vụ cho phép truy cập dữ liệu của người khác.
BR-205: Mọi dữ liệu đầu vào phải được kiểm tra trường bắt buộc, kiểu dữ liệu, định dạng, độ dài, enum và quan hệ giữa các trường trước khi xử lý.
BR-230: Retry dịch vụ bên ngoài phải có giới hạn và backoff; retry không được tạo bản ghi hoặc giao dịch trùng.
BR-231: API phải trả mã lỗi nhất quán: 401 cho lỗi xác thực, 403 cho thiếu quyền, 404 khi không tìm thấy, 409 cho xung đột nghiệp vụ và 422 cho dữ liệu không hợp lệ.
BR-242: Khi backend từ chối do dữ liệu thay đổi đồng thời, UI phải giữ dữ liệu đã nhập, hiển thị lý do và cho phép tải lại hoặc thực hiện lại.
BR-243: Trường hợp thiếu quyền hoặc không thỏa điều kiện nghiệp vụ không được tạo bất kỳ side effect nào.
BR-244: Thay đổi Business Rule, enum, state transition hoặc API contract phải được cập nhật đồng thời trong Spec, test case và tài liệu dữ liệu trước khi Done.
BR-210: Khi nhiều yêu cầu đồng thời thay đổi cùng tài nguyên, hệ thống phải dùng transaction, locking hoặc version control để ngăn ghi đè và vượt giới hạn nghiệp vụ.
BR-211: Mọi tài nguyên có trạng thái phải tuân thủ state transition đã định nghĩa và không được sử dụng giá trị ngoài enum database.
BR-225: Hành động tự động phải ghi actor_id = NULL hoặc system actor và có lý do thực hiện rõ ràng.
BR-226: Notification chỉ được phát sau khi thay đổi nghiệp vụ thành công; gửi notification thất bại không được làm mất kết quả giao dịch chính.
BR-185: Một Porter chỉ có một hồ sơ trên mỗi route.
BR-186: Chỉ phân công Porter có campsite_porters.status = active tại campsite xuất phát của route.
BR-187: Porter lead phải có proficiency IN (proficient, expert).
BR-188: Không cho work_range chồng với porter_assignments có status IN (pending, accepted)."
CTMS-63,[CTMS-63] View Assigned Trips,Xem các chuyến được phân công,Sprint 3,Stretch,/file/spec/ctms-63-view-assigned-trips.md,"BR-202, BR-204, BR-205, BR-230, BR-231, BR-242, BR-243, BR-244, BR-210, BR-211, BR-228, BR-229, BR-232, BR-233, BR-238, BR-239, BR-189","BR-202: Tài khoản pending_verification, suspended hoặc deleted không được sử dụng chức năng yêu cầu tài khoản hoạt động, trừ flow xác minh hoặc khôi phục được cho phép.
BR-204: Người dùng chỉ được xem hoặc thay đổi dữ liệu thuộc sở hữu của mình, trừ khi vai trò và quan hệ nghiệp vụ cho phép truy cập dữ liệu của người khác.
BR-205: Mọi dữ liệu đầu vào phải được kiểm tra trường bắt buộc, kiểu dữ liệu, định dạng, độ dài, enum và quan hệ giữa các trường trước khi xử lý.
BR-230: Retry dịch vụ bên ngoài phải có giới hạn và backoff; retry không được tạo bản ghi hoặc giao dịch trùng.
BR-231: API phải trả mã lỗi nhất quán: 401 cho lỗi xác thực, 403 cho thiếu quyền, 404 khi không tìm thấy, 409 cho xung đột nghiệp vụ và 422 cho dữ liệu không hợp lệ.
BR-242: Khi backend từ chối do dữ liệu thay đổi đồng thời, UI phải giữ dữ liệu đã nhập, hiển thị lý do và cho phép tải lại hoặc thực hiện lại.
BR-243: Trường hợp thiếu quyền hoặc không thỏa điều kiện nghiệp vụ không được tạo bất kỳ side effect nào.
BR-244: Thay đổi Business Rule, enum, state transition hoặc API contract phải được cập nhật đồng thời trong Spec, test case và tài liệu dữ liệu trước khi Done.
BR-210: Khi nhiều yêu cầu đồng thời thay đổi cùng tài nguyên, hệ thống phải dùng transaction, locking hoặc version control để ngăn ghi đè và vượt giới hạn nghiệp vụ.
BR-211: Mọi tài nguyên có trạng thái phải tuân thủ state transition đã định nghĩa và không được sử dụng giá trị ngoài enum database.
BR-228: Người dùng có thể tắt thông báo thông thường, nhưng cảnh báo an toàn hoặc khẩn cấp bắt buộc không được vô hiệu hóa khi đang tham gia Trip liên quan.
BR-229: Khi dịch vụ bên ngoài timeout hoặc trả dữ liệu thiếu, hệ thống phải ghi nhận lỗi, không giả định thành công và không tạo dữ liệu không thể xác minh.
BR-232: Thông báo lỗi phải rõ ràng, có thể hành động và không tiết lộ stack trace, dữ liệu bí mật hoặc tài nguyên người dùng không có quyền xem.
BR-233: API trả danh sách phải hỗ trợ phân trang và giới hạn số bản ghi; chỉ cho phép lọc và sắp xếp trên các trường được công bố.
BR-238: Background job phải có khả năng chạy lại an toàn; cùng bản ghi không được hết hạn, hủy, hoàn tiền hoặc thông báo nhiều lần bởi nhiều worker.
BR-239: Dữ liệu offline phải có định danh yêu cầu hoặc idempotency_key; cùng một lô đồng bộ không được tạo dữ liệu trùng khi gửi lại.
BR-189: Hệ thống phải gửi thông báo để Porter xác nhận hoặc từ chối."
CTMS-64,[CTMS-64] Report Incident during Trip,Báo cáo sự cố trong chuyến đi,Sprint 3,Stretch,/file/spec/ctms-64-report-incident-during-trip.md,"BR-202, BR-204, BR-205, BR-230, BR-231, BR-242, BR-243, BR-244, BR-234, BR-235, BR-238, BR-239, BR-190, BR-191","BR-202: Tài khoản pending_verification, suspended hoặc deleted không được sử dụng chức năng yêu cầu tài khoản hoạt động, trừ flow xác minh hoặc khôi phục được cho phép.
BR-204: Người dùng chỉ được xem hoặc thay đổi dữ liệu thuộc sở hữu của mình, trừ khi vai trò và quan hệ nghiệp vụ cho phép truy cập dữ liệu của người khác.
BR-205: Mọi dữ liệu đầu vào phải được kiểm tra trường bắt buộc, kiểu dữ liệu, định dạng, độ dài, enum và quan hệ giữa các trường trước khi xử lý.
BR-230: Retry dịch vụ bên ngoài phải có giới hạn và backoff; retry không được tạo bản ghi hoặc giao dịch trùng.
BR-231: API phải trả mã lỗi nhất quán: 401 cho lỗi xác thực, 403 cho thiếu quyền, 404 khi không tìm thấy, 409 cho xung đột nghiệp vụ và 422 cho dữ liệu không hợp lệ.
BR-242: Khi backend từ chối do dữ liệu thay đổi đồng thời, UI phải giữ dữ liệu đã nhập, hiển thị lý do và cho phép tải lại hoặc thực hiện lại.
BR-243: Trường hợp thiếu quyền hoặc không thỏa điều kiện nghiệp vụ không được tạo bất kỳ side effect nào.
BR-244: Thay đổi Business Rule, enum, state transition hoặc API contract phải được cập nhật đồng thời trong Spec, test case và tài liệu dữ liệu trước khi Done.
BR-234: Danh sách công khai chỉ được chứa tài nguyên ở trạng thái cho phép công khai; draft, suspended, closed hoặc archived không được hiển thị nếu không có quy định khác.
BR-235: Media phải lưu URL và metadata cần thiết; URL client cung cấp chỉ hợp lệ sau khi hoàn tất quy trình upload/xác minh.
BR-238: Background job phải có khả năng chạy lại an toàn; cùng bản ghi không được hết hạn, hủy, hoàn tiền hoặc thông báo nhiều lần bởi nhiều worker.
BR-239: Dữ liệu offline phải có định danh yêu cầu hoặc idempotency_key; cùng một lô đồng bộ không được tạo dữ liệu trùng khi gửi lại.
BR-190: Hệ thống phải hiển thị lịch, tuyến, thành viên, checkpoint, thời tiết và trạng thái tải offline package.
BR-191: Có loại sự cố, mô tả, vị trí, ảnh tùy chọn."
CTMS-123,[CTMS-123] Manage User Accounts,Quản lý tài khoản người dùng,Sprint 1,Stretch,/file/spec/ctms-123-manage-user-accounts.md,"BR-202, BR-204, BR-205, BR-230, BR-231, BR-242, BR-243, BR-244, BR-210, BR-211, BR-206, BR-207, BR-209, BR-232, BR-233, BR-192, BR-193","BR-202: Tài khoản pending_verification, suspended hoặc deleted không được sử dụng chức năng yêu cầu tài khoản hoạt động, trừ flow xác minh hoặc khôi phục được cho phép.
BR-204: Người dùng chỉ được xem hoặc thay đổi dữ liệu thuộc sở hữu của mình, trừ khi vai trò và quan hệ nghiệp vụ cho phép truy cập dữ liệu của người khác.
BR-205: Mọi dữ liệu đầu vào phải được kiểm tra trường bắt buộc, kiểu dữ liệu, định dạng, độ dài, enum và quan hệ giữa các trường trước khi xử lý.
BR-230: Retry dịch vụ bên ngoài phải có giới hạn và backoff; retry không được tạo bản ghi hoặc giao dịch trùng.
BR-231: API phải trả mã lỗi nhất quán: 401 cho lỗi xác thực, 403 cho thiếu quyền, 404 khi không tìm thấy, 409 cho xung đột nghiệp vụ và 422 cho dữ liệu không hợp lệ.
BR-242: Khi backend từ chối do dữ liệu thay đổi đồng thời, UI phải giữ dữ liệu đã nhập, hiển thị lý do và cho phép tải lại hoặc thực hiện lại.
BR-243: Trường hợp thiếu quyền hoặc không thỏa điều kiện nghiệp vụ không được tạo bất kỳ side effect nào.
BR-244: Thay đổi Business Rule, enum, state transition hoặc API contract phải được cập nhật đồng thời trong Spec, test case và tài liệu dữ liệu trước khi Done.
BR-210: Khi nhiều yêu cầu đồng thời thay đổi cùng tài nguyên, hệ thống phải dùng transaction, locking hoặc version control để ngăn ghi đè và vượt giới hạn nghiệp vụ.
BR-211: Mọi tài nguyên có trạng thái phải tuân thủ state transition đã định nghĩa và không được sử dụng giá trị ngoài enum database.
BR-206: Backend là nguồn quyết định cuối cùng đối với quyền, trạng thái, giá, sức chứa, tồn kho, mức rủi ro và kết quả giao dịch; client không được tự xác lập các giá trị này.
BR-207: Mọi thay đổi liên quan đến nhiều bảng hoặc nhiều bản ghi phải thực hiện trong một transaction; một bước thất bại thì toàn bộ nghiệp vụ phải rollback.
BR-209: Các thao tác có khả năng được gửi lại như thanh toán, hoàn tiền, callback và đồng bộ phải hỗ trợ idempotency để một yêu cầu không được xử lý thành công nhiều lần.
BR-232: Thông báo lỗi phải rõ ràng, có thể hành động và không tiết lộ stack trace, dữ liệu bí mật hoặc tài nguyên người dùng không có quyền xem.
BR-233: API trả danh sách phải hỗ trợ phân trang và giới hạn số bản ghi; chỉ cho phép lọc và sắp xếp trên các trường được công bố.
BR-192: Hệ thống phải lưu offline nếu mất mạng.
BR-193: Tìm kiếm, xem, khóa, mở khóa tài khoản."
CTMS-124,[CTMS-124] Write Audit Log for Important Actions,Ghi audit log cho các hành động quan trọng,Sprint 1,Committed,/file/spec/ctms-124-write-audit-log-for-important-actions.md,"BR-202, BR-204, BR-205, BR-230, BR-231, BR-242, BR-243, BR-244, BR-221, BR-222, BR-223, BR-224, BR-218, BR-219, BR-194","BR-202: Tài khoản pending_verification, suspended hoặc deleted không được sử dụng chức năng yêu cầu tài khoản hoạt động, trừ flow xác minh hoặc khôi phục được cho phép.
BR-204: Người dùng chỉ được xem hoặc thay đổi dữ liệu thuộc sở hữu của mình, trừ khi vai trò và quan hệ nghiệp vụ cho phép truy cập dữ liệu của người khác.
BR-205: Mọi dữ liệu đầu vào phải được kiểm tra trường bắt buộc, kiểu dữ liệu, định dạng, độ dài, enum và quan hệ giữa các trường trước khi xử lý.
BR-230: Retry dịch vụ bên ngoài phải có giới hạn và backoff; retry không được tạo bản ghi hoặc giao dịch trùng.
BR-231: API phải trả mã lỗi nhất quán: 401 cho lỗi xác thực, 403 cho thiếu quyền, 404 khi không tìm thấy, 409 cho xung đột nghiệp vụ và 422 cho dữ liệu không hợp lệ.
BR-242: Khi backend từ chối do dữ liệu thay đổi đồng thời, UI phải giữ dữ liệu đã nhập, hiển thị lý do và cho phép tải lại hoặc thực hiện lại.
BR-243: Trường hợp thiếu quyền hoặc không thỏa điều kiện nghiệp vụ không được tạo bất kỳ side effect nào.
BR-244: Thay đổi Business Rule, enum, state transition hoặc API contract phải được cập nhật đồng thời trong Spec, test case và tài liệu dữ liệu trước khi Done.
BR-221: OTP TTL, token TTL, số lần thử, rate limit, thời gian giữ booking và thời hạn retry phải được cấu hình, không hard-code trong logic.
BR-222: Hành động quan trọng phải được ghi audit log với actor, action, target, timestamp, dữ liệu trước và sau hoặc lý do thay đổi.
BR-223: Audit log là append-only; người dùng và Admin không được sửa hoặc xóa audit log qua chức năng nghiệp vụ thông thường.
BR-224: Audit log không được chứa mật khẩu, OTP, token, dữ liệu thanh toán nhạy cảm hoặc dữ liệu sức khỏe không cần thiết.
BR-218: Quyền truy cập dữ liệu sức khỏe phải dựa trên consent và quan hệ với Trip; khi thu hồi consent, quyền truy cập phải chấm dứt ngay.
BR-219: Mọi thời gian phải được lưu dưới dạng timestamptz và hiển thị theo múi giờ người dùng hoặc địa điểm được cấu hình.
BR-194: Không xóa cứng dữ liệu liên quan."
CTMS-125,[CTMS-125] View Audit Log,Xem audit log,Sprint 1,Stretch,/file/spec/ctms-125-view-audit-log.md,"BR-202, BR-204, BR-205, BR-230, BR-231, BR-242, BR-243, BR-244, BR-221, BR-222, BR-223, BR-224, BR-232, BR-233, BR-218, BR-219, BR-195, BR-196","BR-202: Tài khoản pending_verification, suspended hoặc deleted không được sử dụng chức năng yêu cầu tài khoản hoạt động, trừ flow xác minh hoặc khôi phục được cho phép.
BR-204: Người dùng chỉ được xem hoặc thay đổi dữ liệu thuộc sở hữu của mình, trừ khi vai trò và quan hệ nghiệp vụ cho phép truy cập dữ liệu của người khác.
BR-205: Mọi dữ liệu đầu vào phải được kiểm tra trường bắt buộc, kiểu dữ liệu, định dạng, độ dài, enum và quan hệ giữa các trường trước khi xử lý.
BR-230: Retry dịch vụ bên ngoài phải có giới hạn và backoff; retry không được tạo bản ghi hoặc giao dịch trùng.
BR-231: API phải trả mã lỗi nhất quán: 401 cho lỗi xác thực, 403 cho thiếu quyền, 404 khi không tìm thấy, 409 cho xung đột nghiệp vụ và 422 cho dữ liệu không hợp lệ.
BR-242: Khi backend từ chối do dữ liệu thay đổi đồng thời, UI phải giữ dữ liệu đã nhập, hiển thị lý do và cho phép tải lại hoặc thực hiện lại.
BR-243: Trường hợp thiếu quyền hoặc không thỏa điều kiện nghiệp vụ không được tạo bất kỳ side effect nào.
BR-244: Thay đổi Business Rule, enum, state transition hoặc API contract phải được cập nhật đồng thời trong Spec, test case và tài liệu dữ liệu trước khi Done.
BR-221: OTP TTL, token TTL, số lần thử, rate limit, thời gian giữ booking và thời hạn retry phải được cấu hình, không hard-code trong logic.
BR-222: Hành động quan trọng phải được ghi audit log với actor, action, target, timestamp, dữ liệu trước và sau hoặc lý do thay đổi.
BR-223: Audit log là append-only; người dùng và Admin không được sửa hoặc xóa audit log qua chức năng nghiệp vụ thông thường.
BR-224: Audit log không được chứa mật khẩu, OTP, token, dữ liệu thanh toán nhạy cảm hoặc dữ liệu sức khỏe không cần thiết.
BR-232: Thông báo lỗi phải rõ ràng, có thể hành động và không tiết lộ stack trace, dữ liệu bí mật hoặc tài nguyên người dùng không có quyền xem.
BR-233: API trả danh sách phải hỗ trợ phân trang và giới hạn số bản ghi; chỉ cho phép lọc và sắp xếp trên các trường được công bố.
BR-218: Quyền truy cập dữ liệu sức khỏe phải dựa trên consent và quan hệ với Trip; khi thu hồi consent, quyền truy cập phải chấm dứt ngay.
BR-219: Mọi thời gian phải được lưu dưới dạng timestamptz và hiển thị theo múi giờ người dùng hoặc địa điểm được cấu hình.
BR-195: Hệ thống phải lưu người thực hiện, hành động, đối tượng, thời gian, dữ liệu trước và sau.
BR-196: Lọc theo người dùng, hành động, thời gian và đối tượng."
CTMS-126,[CTMS-126] Handle Content Reports,Xử lý báo cáo nội dung,Sprint 1,Stretch,/file/spec/ctms-126-handle-content-reports.md,"BR-202, BR-204, BR-205, BR-230, BR-231, BR-242, BR-243, BR-244, BR-210, BR-211, BR-221, BR-222, BR-223, BR-224, BR-197, BR-198, BR-199","BR-202: Tài khoản pending_verification, suspended hoặc deleted không được sử dụng chức năng yêu cầu tài khoản hoạt động, trừ flow xác minh hoặc khôi phục được cho phép.
BR-204: Người dùng chỉ được xem hoặc thay đổi dữ liệu thuộc sở hữu của mình, trừ khi vai trò và quan hệ nghiệp vụ cho phép truy cập dữ liệu của người khác.
BR-205: Mọi dữ liệu đầu vào phải được kiểm tra trường bắt buộc, kiểu dữ liệu, định dạng, độ dài, enum và quan hệ giữa các trường trước khi xử lý.
BR-230: Retry dịch vụ bên ngoài phải có giới hạn và backoff; retry không được tạo bản ghi hoặc giao dịch trùng.
BR-231: API phải trả mã lỗi nhất quán: 401 cho lỗi xác thực, 403 cho thiếu quyền, 404 khi không tìm thấy, 409 cho xung đột nghiệp vụ và 422 cho dữ liệu không hợp lệ.
BR-242: Khi backend từ chối do dữ liệu thay đổi đồng thời, UI phải giữ dữ liệu đã nhập, hiển thị lý do và cho phép tải lại hoặc thực hiện lại.
BR-243: Trường hợp thiếu quyền hoặc không thỏa điều kiện nghiệp vụ không được tạo bất kỳ side effect nào.
BR-244: Thay đổi Business Rule, enum, state transition hoặc API contract phải được cập nhật đồng thời trong Spec, test case và tài liệu dữ liệu trước khi Done.
BR-210: Khi nhiều yêu cầu đồng thời thay đổi cùng tài nguyên, hệ thống phải dùng transaction, locking hoặc version control để ngăn ghi đè và vượt giới hạn nghiệp vụ.
BR-211: Mọi tài nguyên có trạng thái phải tuân thủ state transition đã định nghĩa và không được sử dụng giá trị ngoài enum database.
BR-221: OTP TTL, token TTL, số lần thử, rate limit, thời gian giữ booking và thời hạn retry phải được cấu hình, không hard-code trong logic.
BR-222: Hành động quan trọng phải được ghi audit log với actor, action, target, timestamp, dữ liệu trước và sau hoặc lý do thay đổi.
BR-223: Audit log là append-only; người dùng và Admin không được sửa hoặc xóa audit log qua chức năng nghiệp vụ thông thường.
BR-224: Audit log không được chứa mật khẩu, OTP, token, dữ liệu thanh toán nhạy cảm hoặc dữ liệu sức khỏe không cần thiết.
BR-197: Không cho sửa log.
BR-198: Hệ thống phải hiển thị reporter, target_type, target_id, lý do và trạng thái.
BR-199: Admin có thể chuyển Pending sang Reviewing, Actioned hoặc Rejected."
